LONDON_PREMIER_SHAFTESBURY_PREMIER_LONDON_PADDINGTON;LONDON_PREMIER_SHAFTESBURY_PREMIER_LONDON_PADDINGTONDELUXE_DOUBLE_ROOM,LONDON_PREMIER_SHAFTESBURY_PREMIER_LONDON_PADDINGTONDELUXE_TWIN_ROOM,LONDON_PREMIER_SHAFTESBURY_PREMIER_LONDON_PADDINGTONCLUB_TWIN_ROOM,LONDON_PREMIER_SHAFTESBURY_PREMIER_LONDON_PADDINGTONCLUB_DOUBLE_ROOM,LONDON_PREMIER_SHAFTESBURY_PREMIER_LONDON_PADDINGTONDELUXE_TRIPLE_ROOM,LONDON_PREMIER_SHAFTESBURY_PREMIER_LONDON_PADDINGTONDELUXE_FAMILY_ROOM,LONDON_PREMIER_SHAFTESBURY_PREMIER_LONDON_PADDINGTONDELUXE_SINGLE_ROOM
PARK_PLAZA_HOTELS__AMP__RESORTS_PARK_PLAZA_SHERLOCK_HOLMES_LONDON;PARK_PLAZA_HOTELS__AMP__RESORTS_PARK_PLAZA_SHERLOCK_HOLMES_LONDONSUPERIOR_DOUBLE_ROOM,PARK_PLAZA_HOTELS__AMP__RESORTS_PARK_PLAZA_SHERLOCK_HOLMES_LONDONEXECUTIVE_TWIN_ROOM,PARK_PLAZA_HOTELS__AMP__RESORTS_PARK_PLAZA_SHERLOCK_HOLMES_LONDONEXECUTIVE_DOUBLE_ROOM
DORSET_SQUARE_HOTEL;DORSET_SQUARE_HOTELSUPERIOR_ROOM,DORSET_SQUARE_HOTELLUXURY_ROOM,DORSET_SQUARE_HOTELDELUXE_ROOM,DORSET_SQUARE_HOTELSUITE,DORSET_SQUARE_HOTELSUPERIOR_SUITE,DORSET_SQUARE_HOTELSINGLE_ROOM,DORSET_SQUARE_HOTELSUPERIOR_SINGLE_ROOM
PARK_PLAZA_HOTELS__AMP__RESORTS_PLAZA_ON_THE_RIVER;PARK_PLAZA_HOTELS__AMP__RESORTS_PLAZA_ON_THE_RIVERSTUDIO_(2_ADULTS),PARK_PLAZA_HOTELS__AMP__RESORTS_PLAZA_ON_THE_RIVERSTUDIO_(3_ADULTS),PARK_PLAZA_HOTELS__AMP__RESORTS_PLAZA_ON_THE_RIVERONE-BEDROOM_SUITE_(2_ADULTS),PARK_PLAZA_HOTELS__AMP__RESORTS_PLAZA_ON_THE_RIVERONE-BEDROOM_SUITE_(3_ADULTS)
44_CURZON_STREET_BY_MANSLEY_SERVICED_APARTMENTS;44_CURZON_STREET_BY_MANSLEY_SERVICED_APARTMENTSONE-BEDROOM_APARTMENT
HOLIDAY_INN_LONDON_KENSINGTON_FORUM;HOLIDAY_INN_LONDON_KENSINGTON_FORUMDOUBLE_OR_TWIN_ROOM_-_NON-SMOKING,HOLIDAY_INN_LONDON_KENSINGTON_FORUMDELUXE_DOUBLE_ROOM_-_NON_SMOKING,HOLIDAY_INN_LONDON_KENSINGTON_FORUMEXECUTIVE_KING_ROOM_-_NON-SMOKING_WITH_EXECUTIVE_LOUNGE_ACCESS
HILTON_LONDON_WEMBLEY;HILTON_LONDON_WEMBLEYKING_GUEST_ROOM,HILTON_LONDON_WEMBLEYDELUXE_KING_ROOM_WITH_STADIUM_VIEW,HILTON_LONDON_WEMBLEYEXECUTIVE_QUEEN_ROOM_-_DISABILITY_ACCESS_WITH_LOUNGE_ACCESS,HILTON_LONDON_WEMBLEYEXECUTIVE_TWIN_ROOM_WITH_LOUNGE_ACCESS,HILTON_LONDON_WEMBLEYEXECUTIVE_KING_ROOM_WITH_LOUNGE_ACCESS,HILTON_LONDON_WEMBLEYCORNER_SUITE_WITH_LOUNGE_ACCESS,HILTON_LONDON_WEMBLEYONE-BEDROOM_SUITE_WITH_LOUNGE_ACCESS
FLEMINGS_MAYFAIR;FLEMINGS_MAYFAIRCLASSIC_DOUBLE_ROOM,FLEMINGS_MAYFAIRDELUXE_DOUBLE_ROOM,FLEMINGS_MAYFAIRJUNIOR_SUITE,FLEMINGS_MAYFAIRSTUDIO_SUITE,FLEMINGS_MAYFAIRSMALL_SINGLE_ROOM,FLEMINGS_MAYFAIRDELUXE_SINGLE_ROOM
PARK_LANE_CITY_APARTMENTS;PARK_LANE_CITY_APARTMENTSSTUDIO_APARTMENT,PARK_LANE_CITY_APARTMENTSSTANDARD_ONE-BEDROOM_APARTMENT,PARK_LANE_CITY_APARTMENTSSUPERIOR_ONE-BEDROOM_APARTMENT
MILLENNIUM_HOTELS_MILLENNIUM_HOTEL_LONDON_KNIGHTSBRIDGE;MILLENNIUM_HOTELS_MILLENNIUM_HOTEL_LONDON_KNIGHTSBRIDGESTANDARD_DOUBLE_ROOM,MILLENNIUM_HOTELS_MILLENNIUM_HOTEL_LONDON_KNIGHTSBRIDGESUPERIOR_TWIN_ROOM,MILLENNIUM_HOTELS_MILLENNIUM_HOTEL_LONDON_KNIGHTSBRIDGESUPERIOR_DOUBLE_ROOM,MILLENNIUM_HOTELS_MILLENNIUM_HOTEL_LONDON_KNIGHTSBRIDGECLUB_TWIN_ROOM,MILLENNIUM_HOTELS_MILLENNIUM_HOTEL_LONDON_KNIGHTSBRIDGECLUB_DOUBLE_ROOM,MILLENNIUM_HOTELS_MILLENNIUM_HOTEL_LONDON_KNIGHTSBRIDGESINGLE_ROOM
HUTTONS_HOTEL;HUTTONS_HOTELDOUBLE_ROOM
THE_CUMBERLAND___A_GUOMAN_HOTEL;THE_CUMBERLAND___A_GUOMAN_HOTELSTANDARD_TWIN_ROOM,THE_CUMBERLAND___A_GUOMAN_HOTELSTANDARD_DOUBLE_ROOM,THE_CUMBERLAND___A_GUOMAN_HOTELDELUXE_KING_ROOM,THE_CUMBERLAND___A_GUOMAN_HOTELEXECUTIVE_TWIN_ROOM,THE_CUMBERLAND___A_GUOMAN_HOTELEXECUTIVE_KING_ROOM,THE_CUMBERLAND___A_GUOMAN_HOTELEXECUTIVE_DOUBLE_ROOM,THE_CUMBERLAND___A_GUOMAN_HOTELSTANDARD_SINGLE_ROOM
MILLENNIUM_HOTELS_MILLENNIUM_HOTEL_LONDON_MAYFAIR;MILLENNIUM_HOTELS_MILLENNIUM_HOTEL_LONDON_MAYFAIRSTANDARD_DOUBLE_ROOM,MILLENNIUM_HOTELS_MILLENNIUM_HOTEL_LONDON_MAYFAIRSUPERIOR_DOUBLE_ROOM
HOTEL_CAFE_ROYAL;HOTEL_CAFE_ROYALSUPERIOR_KING_,HOTEL_CAFE_ROYALGRAND_SUPERIOR_KING_OR_TWIN_ROOM,HOTEL_CAFE_ROYALGRAND_DELUXE_KING_OR_TWIN_ROOM,HOTEL_CAFE_ROYALJUNIOR_SUITE,HOTEL_CAFE_ROYALGRAND_JUNIOR_SUITE,HOTEL_CAFE_ROYALONE-BEDROOM_SUITE,HOTEL_CAFE_ROYALLUXURY_SUITE
THE_EXHIBITIONIST_HOTEL;THE_EXHIBITIONIST_HOTELSIGNATURE_LUXURY_KING,THE_EXHIBITIONIST_HOTELDROP_DEAD_GORGEOUS_SPLASH_SUITE,THE_EXHIBITIONIST_HOTELSQUINT_SPLASH_SUITE,
LANGORF_HOTEL;LANGORF_HOTELTWIN_ROOM,LANGORF_HOTELDOUBLE_ROOM,LANGORF_HOTELSINGLE_ROOM
AMBA_HOTELS_AMBA_HOTEL_MARBLE_ARCH;AMBA_HOTELS_AMBA_HOTEL_MARBLE_ARCHSTANDARD_TWIN_ROOM,AMBA_HOTELS_AMBA_HOTEL_MARBLE_ARCHSTANDARD_DOUBLE_ROOM,AMBA_HOTELS_AMBA_HOTEL_MARBLE_ARCHDELUXE_KING_ROOM,AMBA_HOTELS_AMBA_HOTEL_MARBLE_ARCHEXECUTIVE_KING_ROOM,
THE_Z_HOTEL_PICCADILLY;THE_Z_HOTEL_PICCADILLYDOUBLE_ROOM,THE_Z_HOTEL_PICCADILLYQUEEN_ROOM,THE_Z_HOTEL_PICCADILLYSINGLE_ROOM
WARWICK_HOTELS_AND_RESORTS__WARWICK_INTERNATIONAL_HOTELS_AND_RESORTS_WARWICK_PARIS__FORMER_WARWICK_CHAMPS_ELYSEES_;WARWICK_HOTELS_AND_RESORTS__WARWICK_INTERNATIONAL_HOTELS_AND_RESORTS_WARWICK_PARIS__FORMER_WARWICK_CHAMPS_ELYSEES_SUPERIOR_QUEEN_ROOM,WARWICK_HOTELS_AND_RESORTS__WARWICK_INTERNATIONAL_HOTELS_AND_RESORTS_WARWICK_PARIS__FORMER_WARWICK_CHAMPS_ELYSEES_DELUXE_KING_ROOM,WARWICK_HOTELS_AND_RESORTS__WARWICK_INTERNATIONAL_HOTELS_AND_RESORTS_WARWICK_PARIS__FORMER_WARWICK_CHAMPS_ELYSEES_DELUXE_KING_ROOM_WITH_TERRACE,WARWICK_HOTELS_AND_RESORTS__WARWICK_INTERNATIONAL_HOTELS_AND_RESORTS_WARWICK_PARIS__FORMER_WARWICK_CHAMPS_ELYSEES_EXECUTIVE_KING_ROOM,WARWICK_HOTELS_AND_RESORTS__WARWICK_INTERNATIONAL_HOTELS_AND_RESORTS_WARWICK_PARIS__FORMER_WARWICK_CHAMPS_ELYSEES_JUNIOR_KING_SUITE
LE_MERIDIEN_HOTELS__AMP__RESORTS_LE_M_RIDIEN_ETOILE;LE_MERIDIEN_HOTELS__AMP__RESORTS_LE_M_RIDIEN_ETOILEURBAN_DOUBLE_OR_TWIN_ROOM,LE_MERIDIEN_HOTELS__AMP__RESORTS_LE_M_RIDIEN_ETOILEDELUXE_DOUBLE_OR_TWIN_ROOM,LE_MERIDIEN_HOTELS__AMP__RESORTS_LE_M_RIDIEN_ETOILEURBAN_TRIPLE_ROOM,LE_MERIDIEN_HOTELS__AMP__RESORTS_LE_M_RIDIEN_ETOILESMART_DOUBLE_OR_TWIN_ROOM,LE_MERIDIEN_HOTELS__AMP__RESORTS_LE_M_RIDIEN_ETOILEDELUXE_TRIPLE_ROOM,LE_MERIDIEN_HOTELS__AMP__RESORTS_LE_M_RIDIEN_ETOILECHIC_TWIN_OR_DOUBLE_ROOM,LE_MERIDIEN_HOTELS__AMP__RESORTS_LE_M_RIDIEN_ETOILESMART_TRIPLE_ROOM,LE_MERIDIEN_HOTELS__AMP__RESORTS_LE_M_RIDIEN_ETOILECHIC_TRIPLE_ROOM
FRASER_SUITES_FRASER_SUITES_LE_CLARIDGE_CHAMPS_ELYS_ES;FRASER_SUITES_FRASER_SUITES_LE_CLARIDGE_CHAMPS_ELYS_ESEXECUTIVE_SUITE,FRASER_SUITES_FRASER_SUITES_LE_CLARIDGE_CHAMPS_ELYS_ESONE-BEDROOM_SUITE
LES_HAUTS_DE_PASSY___TROCADERO_EIFFEL;LES_HAUTS_DE_PASSY___TROCADERO_EIFFELDOUBLE_ROOM,LES_HAUTS_DE_PASSY___TROCADERO_EIFFELTWIN_ROOM,LES_HAUTS_DE_PASSY___TROCADERO_EIFFELSINGLE_ROOM
CITADINES_CITADINES_LES_HALLES_PARIS;CITADINES_CITADINES_LES_HALLES_PARISSTUDIO,CITADINES_CITADINES_LES_HALLES_PARISDELUXE_STUDIO
H_TEL_CALIFORNIA_CHAMPS_ELYS_ES;H_TEL_CALIFORNIA_CHAMPS_ELYS_ESSUPERIOR_DOUBLE_ROOM,H_TEL_CALIFORNIA_CHAMPS_ELYS_ESDELUXE_DOUBLE_ROOM_PREMIUM,H_TEL_CALIFORNIA_CHAMPS_ELYS_ESFAMILY_ROOM,H_TEL_CALIFORNIA_CHAMPS_ELYS_ESDELUXE_DUPLEX_SUITE,H_TEL_CALIFORNIA_CHAMPS_ELYS_ESJUNIOR_SUITE,H_TEL_CALIFORNIA_CHAMPS_ELYS_ESPRESTIGE_SUITE,
MARCEAU_CHAMPS_ELYS_ES;MARCEAU_CHAMPS_ELYS_ESCOMFORT_DOUBLE_ROOM,MARCEAU_CHAMPS_ELYS_ESDELUXE_DOUBLE_ROOM
IBIS_PARIS_MONTMARTRE;IBIS_PARIS_MONTMARTRESTANDARD_ROOM_WITH_2_SINGLE_BEDS,IBIS_PARIS_MONTMARTRESTANDARD_DOUBLE_ROOM
MERCURE_PARIS_TERMINUS_NORD;MERCURE_PARIS_TERMINUS_NORDSTANDARD_ROOM_WITH_1_DOUBLE_BED,MERCURE_PARIS_TERMINUS_NORDSUPERIOR_ROOM_WITH_1_DOUBLE_BED,MERCURE_PARIS_TERMINUS_NORDSUPERIOR_TWIN_ROOM,MERCURE_PARIS_TERMINUS_NORDPRIVILEGE_DOUBLE_ROOM_(3_ADULTS),MERCURE_PARIS_TERMINUS_NORDPRIVILEGE_DOUBLE_ROOM,MERCURE_PARIS_TERMINUS_NORDSTANDARD_ROOM_WITH_1_SINGLE_BED
NOVOTEL_PARIS_SUD_PORTE_DE_CHARENTON;NOVOTEL_PARIS_SUD_PORTE_DE_CHARENTONSUPERIOR_DOUBLE_ROOM,NOVOTEL_PARIS_SUD_PORTE_DE_CHARENTONFAMILY_ROOM_(2_ADULTS_+_2_CHILDREN),NOVOTEL_PARIS_SUD_PORTE_DE_CHARENTONTRIPLE_ROOM,NOVOTEL_PARIS_SUD_PORTE_DE_CHARENTONEXECUTIVE_DOUBLE_ROOM,NOVOTEL_PARIS_SUD_PORTE_DE_CHARENTONSUPERIOR_ROOM_-_1_QUEEN_SIZE_BED_AND_1_DOUBLE_SOFA_BED
H_TEL_SAN_R_GIS;H_TEL_SAN_R_GISCLASSIC_ROOM,H_TEL_SAN_R_GISDELUXE_ROOM,H_TEL_SAN_R_GISPRESTIGE_DOUBLE_ROOM,H_TEL_SAN_R_GISJUNIOR_SUITE,H_TEL_SAN_R_GISSUITE,
BEST_WESTERN_PREMIER_MARAIS_GRANDS_BOULEVARDS;BEST_WESTERN_PREMIER_MARAIS_GRANDS_BOULEVARDSCLASSIC_DOUBLE_ROOM,BEST_WESTERN_PREMIER_MARAIS_GRANDS_BOULEVARDSEXECUTIVE_DOUBLE_ROOM
DAUNOU_OP_RA;DAUNOU_OP_RADOUBLE_OR_TWIN_ROOM,DAUNOU_OP_RASUPERIOR_DOUBLE_OR_TWIN_ROOM,DAUNOU_OP_RATRIPLE_ROOM,DAUNOU_OP_RAQUADRUPLE_ROOM,DAUNOU_OP_RACLASSIC_SINGLE_ROOM,
HOTEL_MADEMOISELLE;HOTEL_MADEMOISELLECLASSIC_DOUBLE_OR_TWIN_ROOM,HOTEL_MADEMOISELLEDELUXE_DOUBLE_OR_TWIN_ROOM,HOTEL_MADEMOISELLEJUNIOR_SUITE,HOTEL_MADEMOISELLESUITE,HOTEL_MADEMOISELLESINGLE_ROOM_WITH_DOUBLE_BED
H_TEL_DE_LA_MOTTE_PICQUET;H_TEL_DE_LA_MOTTE_PICQUETDOUBLE_ROOM,
MILL_SIME_H_TEL;MILL_SIME_H_TELCLASSIC_DOUBLE_ROOM,MILL_SIME_H_TELSUPERIOR_DOUBLE_ROOM,MILL_SIME_H_TELSUITE
PULLMAN_HOTELS_AND_RESORTS_PULLMAN_PARIS_MONTPARNASSE;PULLMAN_HOTELS_AND_RESORTS_PULLMAN_PARIS_MONTPARNASSECLASSIC_TWIN_ROOM,PULLMAN_HOTELS_AND_RESORTS_PULLMAN_PARIS_MONTPARNASSECLASSIC_QUEEN_ROOM,PULLMAN_HOTELS_AND_RESORTS_PULLMAN_PARIS_MONTPARNASSECLASSIC_ROOM_WITH_2_DOUBLE_BEDS_(2_ADULTS),PULLMAN_HOTELS_AND_RESORTS_PULLMAN_PARIS_MONTPARNASSESUPERIOR_TWIN_ROOM_WITH_PARIS_VIEW,PULLMAN_HOTELS_AND_RESORTS_PULLMAN_PARIS_MONTPARNASSESUPERIOR_QUEEN_ROOM_WITH_PARIS_VIEW,PULLMAN_HOTELS_AND_RESORTS_PULLMAN_PARIS_MONTPARNASSEDELUXE_KING_ROOM_WITH_PARIS_VIEW,PULLMAN_HOTELS_AND_RESORTS_PULLMAN_PARIS_MONTPARNASSEDELUXE_FAMILY_ROOM_WITH_TWO_DOUBLE_BEDS_WITH_PARIS_VIEW,PULLMAN_HOTELS_AND_RESORTS_PULLMAN_PARIS_MONTPARNASSECLASSIC_ROOM_WITH_2_DOUBLE_BEDS,PULLMAN_HOTELS_AND_RESORTS_PULLMAN_PARIS_MONTPARNASSEDELUXE_TRIPLE_ROOM_WITH_PARIS_VIEW,PULLMAN_HOTELS_AND_RESORTS_PULLMAN_PARIS_MONTPARNASSECLASSIC_ROOM_WITH_2_DOUBLE_BEDS_(4_ADULTS),
DOISY_ETOILE;DOISY_ETOILECLASSIC_DOUBLE_ROOM,DOISY_ETOILECOMFORT_DOUBLE_OR_TWIN_ROOM,DOISY_ETOILETRIPLE_ROOM
SWEET_INN_APARTMENTS___MILAN;SWEET_INN_APARTMENTS___MILANAPARTMENT,
BORGOFICO_RELAIS___WELLNESS;BORGOFICO_RELAIS___WELLNESSDOUBLE_ROOM,BORGOFICO_RELAIS___WELLNESSTWO-BEDROOM_SUITE
BEST_WESTERN_PLUS_HOTEL_MILTON;BEST_WESTERN_PLUS_HOTEL_MILTONCLASSIC_DOUBLE_OR_TWIN_ROOM,BEST_WESTERN_PLUS_HOTEL_MILTONSUPERIOR_DOUBLE_OR_TWIN_ROOM,BEST_WESTERN_PLUS_HOTEL_MILTONEXECUTIVE_SUITE,BEST_WESTERN_PLUS_HOTEL_MILTONDOUBLE_ROOM_WITH_EXTRA_CHAIR_BED
PIAZZA_FARNESE_LUXURY_SUITES;PIAZZA_FARNESE_LUXURY_SUITESCLASSIC_SUITE,
DOMUS_FONTIS;DOMUS_FONTISDOUBLE_OR_TWIN_ROOM
ITI_HOTELS_COLONNA_PALACE;ITI_HOTELS_COLONNA_PALACEDOUBLE_OR_TWIN_ROOM,ITI_HOTELS_COLONNA_PALACESUPERIOR_DOUBLE_ROOM_WITH_VIEW,ITI_HOTELS_COLONNA_PALACEDELUXE_DOUBLE_ROOM,ITI_HOTELS_COLONNA_PALACETRIPLE_ROOM,ITI_HOTELS_COLONNA_PALACESINGLE_ROOM,
MY_SECRET_CONDOTTI;MY_SECRET_CONDOTTIDELUXE_DOUBLE_ROOM_WITH_SPA_BATH_,
ALPI_HOTEL;ALPI_HOTELDOUBLE_OR_TWIN_ROOM,ALPI_HOTELSUPERIOR_DOUBLE_ROOM,ALPI_HOTELTRIPLE_ROOM,ALPI_HOTELFAMILY_ROOM
GRAND_HOTEL_PLAZA;GRAND_HOTEL_PLAZACLASSIC_DOUBLE_OR_TWIN_ROOM,GRAND_HOTEL_PLAZASUPERIOR_DOUBLE_OR_TWIN_ROOM,GRAND_HOTEL_PLAZADELUXE_DOUBLE_OR_TWIN_ROOM,GRAND_HOTEL_PLAZADELUXE_DOUBLE_ROOM_WITH_BALCONY,GRAND_HOTEL_PLAZAJUNIOR_SUITE_WITH_CITY_VIEW,GRAND_HOTEL_PLAZAJUNIOR_SUITE_WITH_BALCONY,GRAND_HOTEL_PLAZAEXECUTIVE_SUITE,GRAND_HOTEL_PLAZAPRESIDENTIAL_SUITE_CITY_VIEW,GRAND_HOTEL_PLAZACLASSIC_SINGLE_ROOM
SPAGNA_ROYAL_SUITE;SPAGNA_ROYAL_SUITEDELUXE_DOUBLE_ROOM,SPAGNA_ROYAL_SUITEROYAL_SUITE,SPAGNA_ROYAL_SUITEEXECUTIVE_DOUBLE_ROOM,SPAGNA_ROYAL_SUITEJUNIOR_SUITE,
LA_MONGOLFIERA_ROOMS_IN_NAVONA;LA_MONGOLFIERA_ROOMS_IN_NAVONASUPERIOR_DOUBLE_OR_TWIN_ROOM,LA_MONGOLFIERA_ROOMS_IN_NAVONADELUXE_DOUBLE_OR_TWIN_ROOM
LIFESTYLE_SUITES_ROME;LIFESTYLE_SUITES_ROMEDELUXE_SUITE_WITH_BALCONY
REMAR_HOTELS_HOTEL_DELLE_NAZIONI;REMAR_HOTELS_HOTEL_DELLE_NAZIONIDOUBLE_OR_TWIN_ROOM,
BABUINO_181;BABUINO_181SUPERIOR_DOUBLE_OR_TWIN_ROOM_-_SEPARATE_BUILDING,
HOTEL_MARTIS_PALACE;HOTEL_MARTIS_PALACECLASSIC_DOUBLE_ROOM,HOTEL_MARTIS_PALACEDELUXE_DOUBLE_ROOM,HOTEL_MARTIS_PALACEJUNIOR_SUITE,HOTEL_MARTIS_PALACEFAMILY_SUITE,
MY_SECRET_SPAGNA;MY_SECRET_SPAGNASUPERIOR_DOUBLE_ROOM_WITH_BALCONY
THE_LEADING_HOTELS_OF_THE_WORLD_HOTEL_MAJESTIC_ROMA;THE_LEADING_HOTELS_OF_THE_WORLD_HOTEL_MAJESTIC_ROMASUPERIOR_DOUBLE_ROOM,THE_LEADING_HOTELS_OF_THE_WORLD_HOTEL_MAJESTIC_ROMADELUXE_DOUBLE_ROOM,THE_LEADING_HOTELS_OF_THE_WORLD_HOTEL_MAJESTIC_ROMATRIPLE_ROOM,THE_LEADING_HOTELS_OF_THE_WORLD_HOTEL_MAJESTIC_ROMACLASSIC_SINGLE_ROOM
THE_INDEPENDENT_SUITES;THE_INDEPENDENT_SUITESDOUBLE_ROOM
HOTEL_VILLAFRANCA;HOTEL_VILLAFRANCAECONOMY_DOUBLE_OR_TWIN_ROOM,HOTEL_VILLAFRANCASTANDARD_DOUBLE_ROOM,HOTEL_VILLAFRANCASUPERIOR_DOUBLE_ROOM,HOTEL_VILLAFRANCADOUBLE_OR_TWIN_ROOM_WITH_TERRACE,HOTEL_VILLAFRANCASTANDARD_TRIPLE_ROOM,HOTEL_VILLAFRANCASTANDARD_SINGLE_ROOM
NH_ROMA_VILLA_CARPEGNA;NH_ROMA_VILLA_CARPEGNASTANDARD_DOUBLE_OR_TWIN_ROOM,NH_ROMA_VILLA_CARPEGNASUPERIOR_DOUBLE_OR_TWIN_ROOM
VINCCI_HOTELES_VINCCI_SOHO;VINCCI_HOTELES_VINCCI_SOHODOUBLE_OR_TWIN_ROOM,VINCCI_HOTELES_VINCCI_SOHOSUPERIOR_DOUBLE_OR_TWIN_ROOM
CHH_HOTELES_GRAN_HOTEL_VELAZQUEZ;CHH_HOTELES_GRAN_HOTEL_VELAZQUEZEXECUTIVE_TWIN_ROOM,CHH_HOTELES_GRAN_HOTEL_VELAZQUEZEXECUTIVE_SUITE,CHH_HOTELES_GRAN_HOTEL_VELAZQUEZJUNIOR_SUITE,CHH_HOTELES_GRAN_HOTEL_VELAZQUEZTRIPLE_ROOM,CHH_HOTELES_GRAN_HOTEL_VELAZQUEZBUSINESS_SINGLE_ROOM
AMADOR_DE_LOS_RIOS;AMADOR_DE_LOS_RIOSDOUBLE_OR_TWIN_ROOM,AMADOR_DE_LOS_RIOSSUPERIOR_DOUBLE_ROOM
AYRE_HOTELES_ONLY_YOU_BOUTIQUE_HOTEL_MADRID;AYRE_HOTELES_ONLY_YOU_BOUTIQUE_HOTEL_MADRIDDELUXE_DOUBLE_ROOM,AYRE_HOTELES_ONLY_YOU_BOUTIQUE_HOTEL_MADRIDPREMIUM_DOUBLE_ROOM,
GRUPO_INTUR_INTUR_PALACIO_SAN_MARTIN;GRUPO_INTUR_INTUR_PALACIO_SAN_MARTINDOUBLE_ROOM_-_GROUND_FLOOR,GRUPO_INTUR_INTUR_PALACIO_SAN_MARTINDOUBLE_OR_TWIN_ROOM,GRUPO_INTUR_INTUR_PALACIO_SAN_MARTINJUNIOR_SUITE
GRAN_VERSALLES;GRAN_VERSALLESDOUBLE_OR_TWIN_ROOM,GRAN_VERSALLESSINGLE_ROOM
WESTIN_WESTIN_PALACE_HOTEL;WESTIN_WESTIN_PALACE_HOTELDELUXE_ROOM,WESTIN_WESTIN_PALACE_HOTELPREMIUM_ROOM,WESTIN_WESTIN_PALACE_HOTELPREMIUM_KING_ROOM,WESTIN_WESTIN_PALACE_HOTELEXECUTIVE_ROOM,WESTIN_WESTIN_PALACE_HOTELPREMIUM_VIEW,WESTIN_WESTIN_PALACE_HOTELJUNIOR_SUITE,WESTIN_WESTIN_PALACE_HOTELEXECUTIVE_SUITE
VINCCI_HOTELES_VINCCI_V_A___66;VINCCI_HOTELES_VINCCI_V_A___66STANDARD_DOUBLE_OR_TWIN_ROOM,VINCCI_HOTELES_VINCCI_V_A___66TWIN_ROOM_WITH_CITY_VIEW,VINCCI_HOTELES_VINCCI_V_A___66SUPERIOR_DOUBLE_,VINCCI_HOTELES_VINCCI_V_A___66PREMIER_DOUBLE_ROOM
VINCCI_HOTELES_VINCCI_CENTRUM;VINCCI_HOTELES_VINCCI_CENTRUMECONOMY_DOUBLE_OR_TWIN_ROOM,VINCCI_HOTELES_VINCCI_CENTRUMDOUBLE_OR_TWIN_ROOM,VINCCI_HOTELES_VINCCI_CENTRUMROMANTIC_GETAWAY,VINCCI_HOTELES_VINCCI_CENTRUMDELUXE_DOUBLE_OR_TWIN_ROOM,VINCCI_HOTELES_VINCCI_CENTRUMSUPERIOR_DOUBLE_ROOM
PETIT_PALACE_HOTELES_PETIT_PALACE_SAVOY_ALFONSO_XII;PETIT_PALACE_HOTELES_PETIT_PALACE_SAVOY_ALFONSO_XIIDOUBLE_OR_TWIN_ROOM_(1-2_ADULTS),PETIT_PALACE_HOTELES_PETIT_PALACE_SAVOY_ALFONSO_XIISMALL_DOUBLE_ROOM,PETIT_PALACE_HOTELES_PETIT_PALACE_SAVOY_ALFONSO_XIIROMANTIC_GETAWAY,PETIT_PALACE_HOTELES_PETIT_PALACE_SAVOY_ALFONSO_XIIDOUBLE_OR_TWIN_ROOM_WITH_PARK_VIEW,PETIT_PALACE_HOTELES_PETIT_PALACE_SAVOY_ALFONSO_XIITRIPLE_ROOM,
VP_HOTELS_VP_JARDIN_DE_RECOLETOS;VP_HOTELS_VP_JARDIN_DE_RECOLETOSDOUBLE_OR_TWIN_ROOM,
HOTEL_LIABENY;HOTEL_LIABENYDOUBLE_OR_TWIN_ROOM,HOTEL_LIABENYDOUBLE_OR_TWIN_ROOM_WITH_EXTRA_BED,HOTEL_LIABENYROMANTIC_OFFER,HOTEL_LIABENYSUPERIOR_DOUBLE_ROOM_(2_ADULTS_+_2_CHILD),HOTEL_LIABENYJUNIOR_SUITE,HOTEL_LIABENYSINGLE_ROOM
PETIT_PALACE_HOTELES_PETIT_PALACE_PRESIDENT_CASTELLANA;PETIT_PALACE_HOTELES_PETIT_PALACE_PRESIDENT_CASTELLANADOUBLE_ROOM_(1_-_2_ADULTS),PETIT_PALACE_HOTELES_PETIT_PALACE_PRESIDENT_CASTELLANAQUINTUPLE_ROOM_(5_ADULTS)
PETIT_PALACE_HOTELES_PETIT_PALACE_ART_GALLERY;PETIT_PALACE_HOTELES_PETIT_PALACE_ART_GALLERYDOUBLE_OR_TWIN_ROOM_(1-2_ADULTS),PETIT_PALACE_HOTELES_PETIT_PALACE_ART_GALLERYSUPERIOR_DOUBLE_ROOM_WITH_BALCONY,PETIT_PALACE_HOTELES_PETIT_PALACE_ART_GALLERYTRIPLE_ROOM,PETIT_PALACE_HOTELES_PETIT_PALACE_ART_GALLERYQUADRUPLE_ROOM_(4_ADULTS),PETIT_PALACE_HOTELES_PETIT_PALACE_ART_GALLERYQUINTUPLE_ROOM_(5_ADULTS),PETIT_PALACE_HOTELES_PETIT_PALACE_ART_GALLERYONE-BEDROOM_SUITE_WITH_SOFA_BED
WELLINGTON_MADRID;WELLINGTON_MADRIDSTANDARD_DOUBLE_ROOM,WELLINGTON_MADRIDSTANDARD_TWIN_ROOM,WELLINGTON_MADRIDSUPERIOR_DOUBLE_ROOM,WELLINGTON_MADRIDSUPERIOR_DOUBLE_OR_TWIN_ROOM__-_THE_WELLINGTON_CLUB
CATALONIA_HOTELS__AMP__RESORTS_CATALONIA_LAS_CORTES;CATALONIA_HOTELS__AMP__RESORTS_CATALONIA_LAS_CORTESDOUBLE_OR_TWIN_ROOM,CATALONIA_HOTELS__AMP__RESORTS_CATALONIA_LAS_CORTESPREMIUM_DOUBLE_OR_TWIN_ROOM,CATALONIA_HOTELS__AMP__RESORTS_CATALONIA_LAS_CORTESTRIPLE_ROOM,CATALONIA_HOTELS__AMP__RESORTS_CATALONIA_LAS_CORTESSUPERIOR_DOUBLE_ROOM,CATALONIA_HOTELS__AMP__RESORTS_CATALONIA_LAS_CORTESSUITE,CATALONIA_HOTELS__AMP__RESORTS_CATALONIA_LAS_CORTESSINGLE_ROOM
PETIT_PALACE_HOTELES_PETIT_PALACE_EMBASSY_SERRANO;PETIT_PALACE_HOTELES_PETIT_PALACE_EMBASSY_SERRANODOUBLE_OR_TWIN_ROOM_(1-2_ADULTS),PETIT_PALACE_HOTELES_PETIT_PALACE_EMBASSY_SERRANOROMANTIC_GETAWAY,PETIT_PALACE_HOTELES_PETIT_PALACE_EMBASSY_SERRANOTRIPLE_ROOM
PETIT_PALACE_HOTELES_PETIT_PALACE_ALCAL__TORRE;PETIT_PALACE_HOTELES_PETIT_PALACE_ALCAL__TORREDOUBLE_OR_TWIN_ROOM_(1-2_ADULTS),PETIT_PALACE_HOTELES_PETIT_PALACE_ALCAL__TORRESMALL_DOUBLE_ROOM_(1-2_ADULTS),PETIT_PALACE_HOTELES_PETIT_PALACE_ALCAL__TORREROMANTIC_GETAWAY,PETIT_PALACE_HOTELES_PETIT_PALACE_ALCAL__TORRETRIPLE_ROOM,PETIT_PALACE_HOTELES_PETIT_PALACE_ALCAL__TORREQUADRUPLE_ROOM_(4_ADULTS)
DORCHESTER_COLLECTION_HOTEL_PRINCIPE_DI_SAVOIA;DORCHESTER_COLLECTION_HOTEL_PRINCIPE_DI_SAVOIACLASSIC_DOUBLE_ROOM,DORCHESTER_COLLECTION_HOTEL_PRINCIPE_DI_SAVOIADELUXE_DOUBLE_ROOM,DORCHESTER_COLLECTION_HOTEL_PRINCIPE_DI_SAVOIAPREMIUM_DOUBLE_ROOM,DORCHESTER_COLLECTION_HOTEL_PRINCIPE_DI_SAVOIAMOSAIC_DOUBLE_ROOM,DORCHESTER_COLLECTION_HOTEL_PRINCIPE_DI_SAVOIAAMBASSADOR_JUNIOR_SUITE,DORCHESTER_COLLECTION_HOTEL_PRINCIPE_DI_SAVOIAAMBASSADOR_SUITE,DORCHESTER_COLLECTION_HOTEL_PRINCIPE_DI_SAVOIAPRINCIPE_SUITE
NH_COLLECTION_NH_COLLECTION_MILANO_PRESIDENT;NH_COLLECTION_NH_COLLECTION_MILANO_PRESIDENTSUPERIOR_DOUBLE_ROOM,NH_COLLECTION_NH_COLLECTION_MILANO_PRESIDENTSUPERIOR_DOUBLE_OR_TWIN_ROOM_WITH_VIEW,NH_COLLECTION_NH_COLLECTION_MILANO_PRESIDENTPREMIUM_DOUBLE_OR_TWIN_ROOM,NH_COLLECTION_NH_COLLECTION_MILANO_PRESIDENTPREMIUM_DOUBLE_OR_TWIN_ROOM_XL,NH_COLLECTION_NH_COLLECTION_MILANO_PRESIDENTSUITE_WITH_EXTRA_BED,NH_COLLECTION_NH_COLLECTION_MILANO_PRESIDENTSUITE,NH_COLLECTION_NH_COLLECTION_MILANO_PRESIDENTSUITE_WITH_EXTRA_BED,NH_COLLECTION_NH_COLLECTION_MILANO_PRESIDENTSUPERIOR_SINGLE_ROOM
TOWNHOUSE_GALLERIA;TOWNHOUSE_GALLERIADOUBLE_OR_TWIN_ROOM_WITH_COURTYARD_VIEW,TOWNHOUSE_GALLERIADELUXE_DOUBLE_ROOM_WITH_GALLERY_VIEW,TOWNHOUSE_GALLERIAJUNIOR_SUITE_WITH_COURTYARD_VIEW,TOWNHOUSE_GALLERIAJUNIOR_SUITE_WITH_GALLERY_VIEW,TOWNHOUSE_GALLERIAJUNIOR_SUITE_WITH_TERRACE,TOWNHOUSE_GALLERIAEXECUTIVE_SUITE,TOWNHOUSE_GALLERIADELUXE_SUITE,TOWNHOUSE_GALLERIAPRESIDENTIAL_SUITE
NH_MILANO_TOURING;NH_MILANO_TOURINGSTANDARD_DOUBLE_OR_TWIN_ROOM,NH_MILANO_TOURINGSTANDARD_DOUBLE_OR_TWIN_ROOM__WITH_EXTRA_BED,NH_MILANO_TOURINGSUPERIOR_DOUBLE_OR_TWIN_ROOM__WITH_EXTRA_BED,NH_MILANO_TOURINGSUPERIOR_DOUBLE_OR_TWIN_ROOM,NH_MILANO_TOURINGSTANDARD_DOUBLE_OR_TWIN_ROOM__WITH_EXTRA_BED,NH_MILANO_TOURINGSUPERIOR_DOUBLE_OR_TWIN_ROOM_XL__WITH_EXTRA_BED,NH_MILANO_TOURINGSUPERIOR_DOUBLE_OR_TWIN_ROOM_XL,NH_MILANO_TOURINGSUPERIOR_DOUBLE_OR_TWIN_ROOM__WITH_EXTRA_BED,NH_MILANO_TOURINGSUPERIOR_DOUBLE_OR_TWIN_ROOM_XL_WITH_EXTRA_BED,NH_MILANO_TOURINGJUNIOR_SUITE_WITH_EXTRA_BED
THE_SQUARE_MILANO_DUOMO;THE_SQUARE_MILANO_DUOMOEXECUTIVE_DOUBLE_OR_TWIN_ROOM,THE_SQUARE_MILANO_DUOMOTRIPLE_ROOM,THE_SQUARE_MILANO_DUOMODELUXE_SINGLE_ROOM
SENATO_HOTEL_MILANO;SENATO_HOTEL_MILANOTWIN_ROOM,SENATO_HOTEL_MILANODOUBLE_ROOM,SENATO_HOTEL_MILANOSUPERIOR_DOUBLE_ROOM,SENATO_HOTEL_MILANOSUPERIOR_TWIN_ROOM,SENATO_HOTEL_MILANOTRIPLE_ROOM,SENATO_HOTEL_MILANOJUNIOR_SUITE_WITH_BALCONY,SENATO_HOTEL_MILANOSINGLE_ROOM
STARHOTELS_STARHOTELS_ROSA_GRAND;STARHOTELS_STARHOTELS_ROSA_GRANDSUPERIOR_DOUBLE_ROOM,STARHOTELS_STARHOTELS_ROSA_GRANDDELUXE_DOUBLE_ROOM,STARHOTELS_STARHOTELS_ROSA_GRANDEXECUTIVE_DOUBLE_ROOM,STARHOTELS_STARHOTELS_ROSA_GRANDJUNIOR_SUITE,STARHOTELS_STARHOTELS_ROSA_GRANDSUITE
FOUR_SEASONS_HOTELS_AND_RESORTS_FOUR_SEASONS_HOTEL_MILANO;FOUR_SEASONS_HOTELS_AND_RESORTS_FOUR_SEASONS_HOTEL_MILANOSUPERIOR_QUEEN_ROOM,FOUR_SEASONS_HOTELS_AND_RESORTS_FOUR_SEASONS_HOTEL_MILANODELUXE_QUEEN_ROOM,FOUR_SEASONS_HOTELS_AND_RESORTS_FOUR_SEASONS_HOTEL_MILANODELUXE_TWIN_ROOM,FOUR_SEASONS_HOTELS_AND_RESORTS_FOUR_SEASONS_HOTEL_MILANOPREMIUM_KING_ROOM,FOUR_SEASONS_HOTELS_AND_RESORTS_FOUR_SEASONS_HOTEL_MILANOPREMIUM_TWIN_ROOM,FOUR_SEASONS_HOTELS_AND_RESORTS_FOUR_SEASONS_HOTEL_MILANOFOUR_SEASONS_TWIN_JUNIOR_SUITE,FOUR_SEASONS_HOTELS_AND_RESORTS_FOUR_SEASONS_HOTEL_MILANOFOUR_SEASONS_KING_JUNIOR_SUITE,FOUR_SEASONS_HOTELS_AND_RESORTS_FOUR_SEASONS_HOTEL_MILANOFOUR_SEASONS_EXECUTIVE_KING_SUITE,FOUR_SEASONS_HOTELS_AND_RESORTS_FOUR_SEASONS_HOTEL_MILANOFRESCO_SUITE_KING_BED,FOUR_SEASONS_HOTELS_AND_RESORTS_FOUR_SEASONS_HOTEL_MILANOCLOISTER_SUITE_KING
UNA_HOTELS__AMP__RESORTS_UNA_HOTEL_CUSANI;UNA_HOTELS__AMP__RESORTS_UNA_HOTEL_CUSANICLASSIC_DOUBLE_ROOM,UNA_HOTELS__AMP__RESORTS_UNA_HOTEL_CUSANISUPERIOR_DOUBLE_ROOM,UNA_HOTELS__AMP__RESORTS_UNA_HOTEL_CUSANIEXECUTIVE_DOUBLE_ROOM,UNA_HOTELS__AMP__RESORTS_UNA_HOTEL_CUSANIJUNIOR_SUITE
PARK_HYATT_PARK_HYATT_MILANO;PARK_HYATT_PARK_HYATT_MILANOPARK_QUEEN,PARK_HYATT_PARK_HYATT_MILANOPARK_KING,PARK_HYATT_PARK_HYATT_MILANOPARK_DELUXE_KING,PARK_HYATT_PARK_HYATT_MILANOPARK_DELUXE_TWIN,PARK_HYATT_PARK_HYATT_MILANOPARK_DELUXE_EXECUTIVE_KING,PARK_HYATT_PARK_HYATT_MILANOPARK_JUNIOR_SUITE,PARK_HYATT_PARK_HYATT_MILANOPARK_EXECUTIVE_SUITE,PARK_HYATT_PARK_HYATT_MILANOPRESTIGE_SUITE,PARK_HYATT_PARK_HYATT_MILANOPARK_TERRACE_SUITE_
ARMANI_HOTEL_MILANO;ARMANI_HOTEL_MILANODELUXE_DOUBLE_ROOM,ARMANI_HOTEL_MILANOPREMIER_DOUBLE_OR_TWIN_ROOM,ARMANI_HOTEL_MILANOCLASSIC_SUITE,ARMANI_HOTEL_MILANOAMBASSADOR_SUITE
ROOM_MATE_ROOM_MATE_GIULIA;ROOM_MATE_ROOM_MATE_GIULIASTANDARD_DOUBLE_OR_TWIN_ROOM,ROOM_MATE_ROOM_MATE_GIULIASUPERIOR_DOUBLE_OR_TWIN_ROOM,ROOM_MATE_ROOM_MATE_GIULIADELUXE_DOUBLE_ROOM,ROOM_MATE_ROOM_MATE_GIULIACLASSIC_TRIPLE_ROOM,ROOM_MATE_ROOM_MATE_GIULIAJUNIOR_SUITE,ROOM_MATE_ROOM_MATE_GIULIADELUXE_DOUBLE_ROOM_WITH_TERRACE,
UPTOWN_PALACE;UPTOWN_PALACEDOUBLE_OR_TWIN_ROOM,UPTOWN_PALACEDELUXE_DOUBLE_ROOM,UPTOWN_PALACESINGLE_ROOM
DESIGN_HOTELS_HOTEL_STRAF;DESIGN_HOTELS_HOTEL_STRAFSTANDARD_DOUBLE_ROOM,DESIGN_HOTELS_HOTEL_STRAFSUPERIOR_DOUBLE_OR_TWIN_ROOM,DESIGN_HOTELS_HOTEL_STRAFSUPERIOR_DOUBLE_ROOM_WITH_MASSAGE_CHAIR
UNA_HOTELS__AMP__RESORTS_UNA_HOTEL_CENTURY;UNA_HOTELS__AMP__RESORTS_UNA_HOTEL_CENTURYJUNIOR_SUITE,UNA_HOTELS__AMP__RESORTS_UNA_HOTEL_CENTURYEXECUTIVE_JUNIOR_SUITE,UNA_HOTELS__AMP__RESORTS_UNA_HOTEL_CENTURYFAMILY_JUNIOR_SUITE_(3_ADULTS_+_1_CHILD)
BIANCA_MARIA_PALACE_HOTEL;BIANCA_MARIA_PALACE_HOTELDOUBLE_OR_TWIN_ROOM,BIANCA_MARIA_PALACE_HOTELSUPERIOR_TRIPLE_ROOM,BIANCA_MARIA_PALACE_HOTELSINGLE_ROOM
STARHOTELS_STARHOTELS_ANDERSON;STARHOTELS_STARHOTELS_ANDERSONSUPERIOR_DOUBLE_ROOM,STARHOTELS_STARHOTELS_ANDERSONDELUXE_DOUBLE_ROOM,STARHOTELS_STARHOTELS_ANDERSONFAMILY_ROOM
ME_BY_MELI__ME_MILAN_IL_DUCA;ME_BY_MELI__ME_MILAN_IL_DUCADOUBLE_ROOM,ME_BY_MELI__ME_MILAN_IL_DUCADELUXE_DOUBLE_ROOM,ME_BY_MELI__ME_MILAN_IL_DUCAJUNIOR_SUITE,ME_BY_MELI__ME_MILAN_IL_DUCASUITE,ME_BY_MELI__ME_MILAN_IL_DUCAPRESIDENTIAL_SUITE,
GLAM_MILANO;GLAM_MILANOSTANDARD_TWIN_ROOM,GLAM_MILANOSTANDARD_DOUBLE_ROOM,GLAM_MILANOSTANDARD_TRIPLE_ROOM,GLAM_MILANOSTANDARD_QUADRUPLE_ROOM,GLAM_MILANOJUNIOR_SUITE,GLAM_MILANOSUITE
SAVOIA___JOLANDA;SAVOIA___JOLANDASTANDARD_DOUBLE_ROOM,SAVOIA___JOLANDAJUNIOR_SUITE_WITH_LAGOON_VIEW
RESIDENCE_CA__FOSCOLO;RESIDENCE_CA__FOSCOLOONE-BEDROOM_APARTMENT_(4_ADULTS),
HOTEL_BONVECCHIATI;HOTEL_BONVECCHIATISTANDARD_DOUBLE_OR_TWIN_ROOM,HOTEL_BONVECCHIATISUPERIOR_DOUBLE_OR_TWIN_ROOM,HOTEL_BONVECCHIATIDELUXE_DOUBLE_OR_TWIN_ROOM,HOTEL_BONVECCHIATISUPERIOR_DOUBLE_OR_TWIN_ROOM_WITH_EXTRA_BED
PALAZZETTO_PISANI;PALAZZETTO_PISANISUPERIOR_SUITE_GRAND_CANAL_-_FOSCOLO_IL_PALAZZO,
KEMPINSKI_SAN_CLEMENTE_PALACE_KEMPINSKI_VENICE;KEMPINSKI_SAN_CLEMENTE_PALACE_KEMPINSKI_VENICEJUNIOR_SUITE,KEMPINSKI_SAN_CLEMENTE_PALACE_KEMPINSKI_VENICEGRAND_DELUXE_ROOM_WITH_LAGOON_VIEW,KEMPINSKI_SAN_CLEMENTE_PALACE_KEMPINSKI_VENICENAVIGANTE_JUNIOR_SUITE,KEMPINSKI_SAN_CLEMENTE_PALACE_KEMPINSKI_VENICEVENICE_SUITE
HOTEL_AGLI_ALBORETTI;HOTEL_AGLI_ALBORETTIDOUBLE_OR_TWIN_ROOM,HOTEL_AGLI_ALBORETTIJUNIOR_SUITE,HOTEL_AGLI_ALBORETTITRIPLE_ROOM,HOTEL_AGLI_ALBORETTIQUADRUPLE_ROOM,
WESTIN_THE_WESTIN_EUROPA___REGINA;WESTIN_THE_WESTIN_EUROPA___REGINADELUXE_DOUBLE_OR_TWIN_ROOM,WESTIN_THE_WESTIN_EUROPA___REGINADELUXE_SUITE,WESTIN_THE_WESTIN_EUROPA___REGINADOUBLE_ROOM_WITH_CANAL_VIEW_AND_TERRACE
PALACE_BONVECCHIATI;PALACE_BONVECCHIATISUPERIOR_DOUBLE_OR_TWIN_ROOM,PALACE_BONVECCHIATIDELUXE_DOUBLE_OR_TWIN_ROOM
PESARO_PALACE;PESARO_PALACESUPERIOR_DOUBLE_OR_TWIN_ROOM
HOTEL_A_LA_COMMEDIA;HOTEL_A_LA_COMMEDIADELUXE_DOUBLE_ROOM
HOTEL_SATURNIA___INTERNATIONAL;HOTEL_SATURNIA___INTERNATIONALCLASSIC_DOUBLE_OR_TWIN_ROOM
BAGLIONI_HOTELS_BAGLIONI_HOTEL_LUNA___THE_LEADING_HOTELS_OF_THE_WORLD;BAGLIONI_HOTELS_BAGLIONI_HOTEL_LUNA___THE_LEADING_HOTELS_OF_THE_WORLDSUITE_WITH_LAGOON_VIEW,
HOTEL_L_OROLOGIO;HOTEL_L_OROLOGIODELUXE_DOUBLE_ROOM_WITH_CANAL_VIEW,HOTEL_L_OROLOGIOSUITE
AQUA_PALACE;AQUA_PALACEDOUBLE_ROOM
PALAZZETTO_MADONNA;PALAZZETTO_MADONNADELUXE_DOUBLE_ROOM,PALAZZETTO_MADONNADELUXE_DOUBLE_ROOM_WITH_GARDEN_VIEW,PALAZZETTO_MADONNADELUXE_DOUBLE_ROOM_WITH_CANAL_VIEW
KEMPINSKI_VIER_JAHRESZEITEN_KEMPINSKI_M_NCHEN;KEMPINSKI_VIER_JAHRESZEITEN_KEMPINSKI_M_NCHENSUPERIOR_DOUBLE_OR_TWIN_ROOM,KEMPINSKI_VIER_JAHRESZEITEN_KEMPINSKI_M_NCHENEXECUTIVE_DOUBLE_OR_TWIN_ROOM,KEMPINSKI_VIER_JAHRESZEITEN_KEMPINSKI_M_NCHENJUNIOR_SUITE,KEMPINSKI_VIER_JAHRESZEITEN_KEMPINSKI_M_NCHENEXECUTIVE_SUITE,KEMPINSKI_VIER_JAHRESZEITEN_KEMPINSKI_M_NCHENBUSINESS_SINGLE_ROOM
DERAG_LIVINGHOTEL_DERAG_LIVINGHOTEL_AM_VIKTUALIENMARKT;DERAG_LIVINGHOTEL_DERAG_LIVINGHOTEL_AM_VIKTUALIENMARKTBUSINESS_PLUS_DOUBLE_ROOM,DERAG_LIVINGHOTEL_DERAG_LIVINGHOTEL_AM_VIKTUALIENMARKTSUPERIOR_DOUBLE_ROOM,DERAG_LIVINGHOTEL_DERAG_LIVINGHOTEL_AM_VIKTUALIENMARKTBUSINESS_SINGLE_ROOM,DERAG_LIVINGHOTEL_DERAG_LIVINGHOTEL_AM_VIKTUALIENMARKTDELUXE_SINGLE_ROOM
PULLMAN_HOTELS_AND_RESORTS_PULLMAN_MUNICH;PULLMAN_HOTELS_AND_RESORTS_PULLMAN_MUNICHSUPERIOR_DOUBLE_OR_TWIN_ROOM,PULLMAN_HOTELS_AND_RESORTS_PULLMAN_MUNICHSUPERIOR_ROOM_WITH_2_SINGLE_BEDS,PULLMAN_HOTELS_AND_RESORTS_PULLMAN_MUNICHSUPERIOR_SUITE,PULLMAN_HOTELS_AND_RESORTS_PULLMAN_MUNICHSUPERIOR_SUITE_(3_ADULTS),PULLMAN_HOTELS_AND_RESORTS_PULLMAN_MUNICHSUPERIOR_SUITE_(4_ADULTS)
HOTEL_AN_DER_OPER;HOTEL_AN_DER_OPERSUPERIOR_DOUBLE_ROOM,HOTEL_AN_DER_OPERJUNIOR_SUITE,HOTEL_AN_DER_OPERAPARTMENT
THE_LEADING_HOTELS_OF_THE_WORLD__GEISEL_PRIVATHOTELS_HOTEL_K_NIGSHOF;THE_LEADING_HOTELS_OF_THE_WORLD__GEISEL_PRIVATHOTELS_HOTEL_K_NIGSHOFSUPERIOR_DOUBLE_ROOM,THE_LEADING_HOTELS_OF_THE_WORLD__GEISEL_PRIVATHOTELS_HOTEL_K_NIGSHOFDELUXE_DOUBLE_ROOM,THE_LEADING_HOTELS_OF_THE_WORLD__GEISEL_PRIVATHOTELS_HOTEL_K_NIGSHOFJUNIOR_SUITE,THE_LEADING_HOTELS_OF_THE_WORLD__GEISEL_PRIVATHOTELS_HOTEL_K_NIGSHOFSUITE
H_HOTELS_COM_H2_HOTEL_M_NCHEN_MESSE;H_HOTELS_COM_H2_HOTEL_M_NCHEN_MESSECOMFORT_DOUBLE_ROOM,H_HOTELS_COM_H2_HOTEL_M_NCHEN_MESSECOMFORT_QUADRUPLE_ROOM
EUROSTARS_HOTELS_EUROSTARS_BOOK_HOTEL;EUROSTARS_HOTELS_EUROSTARS_BOOK_HOTELDELUXE_DOUBLE_ROOM,EUROSTARS_HOTELS_EUROSTARS_BOOK_HOTELJUNIOR_SUITE,EUROSTARS_HOTELS_EUROSTARS_BOOK_HOTELDELUXE_DOUBLE_ROOM_FOR_SINGLE_USE
LEONARDO_ROYAL_HOTELS_LEONARDO_ROYAL_HOTEL_MUNICH;LEONARDO_ROYAL_HOTELS_LEONARDO_ROYAL_HOTEL_MUNICHCOMFORT_DOUBLE_ROOM,LEONARDO_ROYAL_HOTELS_LEONARDO_ROYAL_HOTEL_MUNICHCOMFORT_TRIPLE_ROOM
NH_M_NCHEN_MESSE;NH_M_NCHEN_MESSESTANDARD_DOUBLE_OR_TWIN_ROOM,NH_M_NCHEN_MESSESTANDARD_DOUBLE_OR_TWIN_XL_ROOM,NH_M_NCHEN_MESSESUPERIOR_DOUBLE_OR_TWIN_ROOM
RAMADA_HOTEL___CONFERENCE_CENTER_M_NCHEN_MESSE;RAMADA_HOTEL___CONFERENCE_CENTER_M_NCHEN_MESSECOMFORT_DOUBLE_OR_TWIN_ROOM,RAMADA_HOTEL___CONFERENCE_CENTER_M_NCHEN_MESSESUPERIOR_DOUBLE_OR_TWIN_ROOM,RAMADA_HOTEL___CONFERENCE_CENTER_M_NCHEN_MESSEDELUXE_DOUBLE_OR_TWIN_ROOM,RAMADA_HOTEL___CONFERENCE_CENTER_M_NCHEN_MESSESTUDIO
WORLDHOTELS_FLEMING_S_HOTEL_M_NCHEN_SCHWABING;WORLDHOTELS_FLEMING_S_HOTEL_M_NCHEN_SCHWABINGEXECUTIVE_TWIN_ROOM,WORLDHOTELS_FLEMING_S_HOTEL_M_NCHEN_SCHWABINGSUITE,WORLDHOTELS_FLEMING_S_HOTEL_M_NCHEN_SCHWABINGCOMFORT_SINGLE_ROOM,WORLDHOTELS_FLEMING_S_HOTEL_M_NCHEN_SCHWABINGSUPERIOR_SINGLE_ROOM
RELEXA_HOTEL_M_NCHEN;RELEXA_HOTEL_M_NCHENCOMFORT_DOUBLE_ROOM,RELEXA_HOTEL_M_NCHENSUPERIOR_DOUBLE_ROOM
HOTEL_CONCORDE;HOTEL_CONCORDESTANDARD_DOUBLE_OR_TWIN_ROOM,HOTEL_CONCORDECOMFORT_DOUBLE_ROOM
KING_S_HOTEL_CENTER_SUPERIOR;KING_S_HOTEL_CENTER_SUPERIORDOUBLE_ROOM,KING_S_HOTEL_CENTER_SUPERIORCLUB_DOUBLE_ROOM_WITH_COURTYARD_VIEW,KING_S_HOTEL_CENTER_SUPERIORSINGLE_ROOM
SHERATON_M_NCHEN_ARABELLAPARK_HOTEL;SHERATON_M_NCHEN_ARABELLAPARK_HOTELSUPERIOR_DOUBLE_OR_TWIN_ROOM,SHERATON_M_NCHEN_ARABELLAPARK_HOTELEXECUTIVE_DOUBLE_ROOM,SHERATON_M_NCHEN_ARABELLAPARK_HOTELCLUB_ROOM_WITH_LOUNGE_ACCESS,SHERATON_M_NCHEN_ARABELLAPARK_HOTELSTUDIO,SHERATON_M_NCHEN_ARABELLAPARK_HOTELEXECUTIVE_SINGLE_ROOM
INTERCITYHOTELS_INTERCITYHOTEL_M_NCHEN;INTERCITYHOTELS_INTERCITYHOTEL_M_NCHENCOMFORT_DOUBLE_OR_TWIN_ROOM,INTERCITYHOTELS_INTERCITYHOTEL_M_NCHENJUNIOR_SUITE
H_HOTELS_COM_H__HOTEL_M_NCHEN_CITY_CENTRE_B___B;H_HOTELS_COM_H__HOTEL_M_NCHEN_CITY_CENTRE_B___BCOMFORT_DOUBLE_ROOM,H_HOTELS_COM_H__HOTEL_M_NCHEN_CITY_CENTRE_B___BCOMFORT_SINGLE_ROOM
LEONARDO_BOUTIQUE_HOTELS_LEONARDO_BOUTIQUE_HOTEL_MUNICH;LEONARDO_BOUTIQUE_HOTELS_LEONARDO_BOUTIQUE_HOTEL_MUNICHCOMFORT_DOUBLE_OR_TWIN_ROOM,LEONARDO_BOUTIQUE_HOTELS_LEONARDO_BOUTIQUE_HOTEL_MUNICHCOMFORT_SINGLE_ROOM
GEISEL_PRIVATHOTELS_HOTEL_EXCELSIOR;GEISEL_PRIVATHOTELS_HOTEL_EXCELSIORDOUBLE_OR_TWIN_ROOM,GEISEL_PRIVATHOTELS_HOTEL_EXCELSIORSINGLE_ROOM
CLIPPER_CITY_HOME_APARTMENTS_BERLIN;CLIPPER_CITY_HOME_APARTMENTS_BERLINSTUDIO,CLIPPER_CITY_HOME_APARTMENTS_BERLINCOMFORT_APARTMENT
HOLLYWOOD_MEDIA_HOTEL_AM_KURF_RSTENDAMM;HOLLYWOOD_MEDIA_HOTEL_AM_KURF_RSTENDAMMSTANDARD_DOUBLE_OR_TWIN_ROOM,HOLLYWOOD_MEDIA_HOTEL_AM_KURF_RSTENDAMMCOMFORT_DOUBLE_OR_TWIN_ROOM,HOLLYWOOD_MEDIA_HOTEL_AM_KURF_RSTENDAMMJUNIOR_SUITE,HOLLYWOOD_MEDIA_HOTEL_AM_KURF_RSTENDAMMSTANDARD_SINGLE_ROOM
PARK_PLAZA_HOTELS__AMP__RESORTS_PARK_PLAZA_BERLIN_KUDAMM;PARK_PLAZA_HOTELS__AMP__RESORTS_PARK_PLAZA_BERLIN_KUDAMMDOUBLE_ROOM,PARK_PLAZA_HOTELS__AMP__RESORTS_PARK_PLAZA_BERLIN_KUDAMMDOUBLE_ROOM_WITH_COURTYARD_VIEW,PARK_PLAZA_HOTELS__AMP__RESORTS_PARK_PLAZA_BERLIN_KUDAMMEXECUTIVE_DOUBLE_ROOM_WITH_COURTYARD_VIEW
PARK_PLAZA_HOTELS__AMP__RESORTS_PARK_PLAZA_WALLSTREET_BERLIN_MITTE;PARK_PLAZA_HOTELS__AMP__RESORTS_PARK_PLAZA_WALLSTREET_BERLIN_MITTESUPERIOR_DOUBLE_ROOM,PARK_PLAZA_HOTELS__AMP__RESORTS_PARK_PLAZA_WALLSTREET_BERLIN_MITTEEXECUTIVE_DOUBLE_ROOM,PARK_PLAZA_HOTELS__AMP__RESORTS_PARK_PLAZA_WALLSTREET_BERLIN_MITTEJUNIOR_SUITE,PARK_PLAZA_HOTELS__AMP__RESORTS_PARK_PLAZA_WALLSTREET_BERLIN_MITTEFAMILY_ROOM_(4_ADULTS)
ART_OTEL_ART_OTEL_BERLIN_KUDAMM;ART_OTEL_ART_OTEL_BERLIN_KUDAMMART_DOUBLE_ROOM,ART_OTEL_ART_OTEL_BERLIN_KUDAMMART_TWIN_ROOM_XL
ART_OTEL_ART_OTEL_BERLIN_MITTE;ART_OTEL_ART_OTEL_BERLIN_MITTEART_DOUBLE_ROOM,ART_OTEL_ART_OTEL_BERLIN_MITTEART_TWIN_ROOM,ART_OTEL_ART_OTEL_BERLIN_MITTEART_SUITE,ART_OTEL_ART_OTEL_BERLIN_MITTEART_SUITE_XL
RAMADA_PLAZA_BERLIN_CITY_CENTRE;RAMADA_PLAZA_BERLIN_CITY_CENTRECOMFORT_DOUBLE_OR_TWIN_ROOM,RAMADA_PLAZA_BERLIN_CITY_CENTREBUSINESS_DOUBLE_OR_TWIN_ROOM,RAMADA_PLAZA_BERLIN_CITY_CENTRESUITE,RAMADA_PLAZA_BERLIN_CITY_CENTREBUSINESS_TRIPLE_ROOM
MOTEL_ONE_MOTEL_ONE_BERLIN_SPITTELMARKT;MOTEL_ONE_MOTEL_ONE_BERLIN_SPITTELMARKTQUEEN_ROOM,MOTEL_ONE_MOTEL_ONE_BERLIN_SPITTELMARKTDOUBLE_ROOM
STEIGENBERGER_HOTELS__AMP__RESORTS_STEIGENBERGER_HOTEL_AM_KANZLERAMT;STEIGENBERGER_HOTELS__AMP__RESORTS_STEIGENBERGER_HOTEL_AM_KANZLERAMTSUPERIOR_DOUBLE_ROOM,STEIGENBERGER_HOTELS__AMP__RESORTS_STEIGENBERGER_HOTEL_AM_KANZLERAMTDELUXE_DOUBLE_ROOM_WITH_CITY_VIEW,STEIGENBERGER_HOTELS__AMP__RESORTS_STEIGENBERGER_HOTEL_AM_KANZLERAMTJUNIOR_SUITE,STEIGENBERGER_HOTELS__AMP__RESORTS_STEIGENBERGER_HOTEL_AM_KANZLERAMTSUITE
GRAND_HYATT_GRAND_HYATT_BERLIN;GRAND_HYATT_GRAND_HYATT_BERLINGRAND_TWIN_ROOM,GRAND_HYATT_GRAND_HYATT_BERLINGRAND_KING,GRAND_HYATT_GRAND_HYATT_BERLINVIEW_TWIN,GRAND_HYATT_GRAND_HYATT_BERLINVIEW_KING,GRAND_HYATT_GRAND_HYATT_BERLINGRAND_DELUXE_KING,GRAND_HYATT_GRAND_HYATT_BERLINCLUB_KING,GRAND_HYATT_GRAND_HYATT_BERLINCLUB_TWIN,GRAND_HYATT_GRAND_HYATT_BERLINGRAND_SUITE_VIEW_KING
STEIGENBERGER_HOTELS__AMP__RESORTS_STEIGENBERGER_HOTEL_BERLIN;STEIGENBERGER_HOTELS__AMP__RESORTS_STEIGENBERGER_HOTEL_BERLINSUPERIOR_DOUBLE_OR_TWIN_ROOM,STEIGENBERGER_HOTELS__AMP__RESORTS_STEIGENBERGER_HOTEL_BERLINDELUXE_DOUBLE_OR_TWIN_ROOM,STEIGENBERGER_HOTELS__AMP__RESORTS_STEIGENBERGER_HOTEL_BERLINSTUDIO
APARION_APARTMENTS_BERLIN;APARION_APARTMENTS_BERLINCOMFORT_STUDIO_APARTMENT,APARION_APARTMENTS_BERLINBUSINESS_STUDIO_APARTMENT
NH_COLLECTION_NH_COLLECTION_BERLIN_MITTE_FRIEDRICHSTRASSE;NH_COLLECTION_NH_COLLECTION_BERLIN_MITTE_FRIEDRICHSTRASSESUPERIOR_DOUBLE_OR_TWIN_ROOM,NH_COLLECTION_NH_COLLECTION_BERLIN_MITTE_FRIEDRICHSTRASSESUPERIOR_DOUBLE_OR_TWIN_ROOM_XL,NH_COLLECTION_NH_COLLECTION_BERLIN_MITTE_FRIEDRICHSTRASSEFAMILY_ROOM,NH_COLLECTION_NH_COLLECTION_BERLIN_MITTE_FRIEDRICHSTRASSESUPERIOR_SINGLE_ROOM
H_HOTELS_COM_H2_HOTEL_BERLIN_ALEXANDERPLATZ;H_HOTELS_COM_H2_HOTEL_BERLIN_ALEXANDERPLATZDOUBLE_ROOM,H_HOTELS_COM_H2_HOTEL_BERLIN_ALEXANDERPLATZQUADRUPLE_ROOM
CATALONIA_HOTELS__AMP__RESORTS_CATALONIA_BERLIN_MITTE;CATALONIA_HOTELS__AMP__RESORTS_CATALONIA_BERLIN_MITTESTANDARD_DOUBLE_ROOM,CATALONIA_HOTELS__AMP__RESORTS_CATALONIA_BERLIN_MITTESUPERIOR_TWIN_ROOM,CATALONIA_HOTELS__AMP__RESORTS_CATALONIA_BERLIN_MITTEJUNIOR_SUITE,CATALONIA_HOTELS__AMP__RESORTS_CATALONIA_BERLIN_MITTESUPERIOR_TRIPLE_ROOM,
MELI__HOTELS__AMP__RESORTS_MELI__BERLIN;MELI__HOTELS__AMP__RESORTS_MELI__BERLINSTANDARD_DOUBLE_OR_TWIN_ROOM,MELI__HOTELS__AMP__RESORTS_MELI__BERLINPREMIUM_DOUBLE_ROOM,MELI__HOTELS__AMP__RESORTS_MELI__BERLINEXECUTIVE_DOUBLE_ROOM_WITH_LOUNGE_ACCESS,MELI__HOTELS__AMP__RESORTS_MELI__BERLINJUNIOR_SUITE_WITH_EXECUTIVE_LOUNGE_ACCESS,MELI__HOTELS__AMP__RESORTS_MELI__BERLINGRAND_SUITE,MELI__HOTELS__AMP__RESORTS_MELI__BERLINPRESIDENTIAL_SUITE
KEMPINSKI_HOTEL_ADLON_KEMPINSKI_BERLIN;KEMPINSKI_HOTEL_ADLON_KEMPINSKI_BERLINEXECUTIVE_DOUBLE_ROOM,KEMPINSKI_HOTEL_ADLON_KEMPINSKI_BERLINDELUXE_DOUBLE_ROOM,KEMPINSKI_HOTEL_ADLON_KEMPINSKI_BERLINJUNIOR_SUITE,KEMPINSKI_HOTEL_ADLON_KEMPINSKI_BERLINADLON_EXECUTIVE_SUITE,KEMPINSKI_HOTEL_ADLON_KEMPINSKI_BERLINBERLIN_SUITE,KEMPINSKI_HOTEL_ADLON_KEMPINSKI_BERLINLINDEN_SUITE
HOTEL_GAT_POINT_CHARLIE;HOTEL_GAT_POINT_CHARLIESUPERIOR_DOUBLE_ROOM,HOTEL_GAT_POINT_CHARLIEJUNIOR_SUITE_(2_ADULTS),HOTEL_GAT_POINT_CHARLIESINGLE_ROOM,HOTEL_GAT_POINT_CHARLIESUPERIOR_DOUBLE_ROOM_FOR_SINGLE_USE
SOFITEL_SOFITEL_ATHENS_AIRPORT;SOFITEL_SOFITEL_ATHENS_AIRPORTLUXURY_TWIN_ROOM,SOFITEL_SOFITEL_ATHENS_AIRPORTLUXURY_QUEEN_ROOM,SOFITEL_SOFITEL_ATHENS_AIRPORTLUXURY_QUEEN_ROOM_CLUB_SOFITEL
DIVANI_COLLECTION__THE_LEADING_HOTELS_OF_THE_WORLD_DIVANI_APOLLON_PALACE___THALASSO;DIVANI_COLLECTION__THE_LEADING_HOTELS_OF_THE_WORLD_DIVANI_APOLLON_PALACE___THALASSOSUPERIOR_DOUBLE_ROOM,DIVANI_COLLECTION__THE_LEADING_HOTELS_OF_THE_WORLD_DIVANI_APOLLON_PALACE___THALASSOEXECUTIVE_DOUBLE_ROOM,DIVANI_COLLECTION__THE_LEADING_HOTELS_OF_THE_WORLD_DIVANI_APOLLON_PALACE___THALASSODELUXE_SUITE
THE_ATHENS_GATE_HOTEL;THE_ATHENS_GATE_HOTELSTANDARD_DOUBLE_ROOM,THE_ATHENS_GATE_HOTELSUPERIOR_DOUBLE_ROOM
HERODION_HOTEL;HERODION_HOTELSTANDARD_DOUBLE_OR_TWIN_ROOM,HERODION_HOTELSUPERIOR_DOUBLE_OR_TWIN_ROOM,HERODION_HOTELSTANDARD_SINGLE_ROOM
ELECTRA_HOTELS__AMP__RESORTS_ELECTRA_HOTEL_ATHENS;ELECTRA_HOTELS__AMP__RESORTS_ELECTRA_HOTEL_ATHENSCLASSIC_DOUBLE_OR_TWIN_ROOM,ELECTRA_HOTELS__AMP__RESORTS_ELECTRA_HOTEL_ATHENSSUPERIOR_DOUBLE_OR_TWIN_ROOM,ELECTRA_HOTELS__AMP__RESORTS_ELECTRA_HOTEL_ATHENSCLASSIC_TRIPLE_ROOM,ELECTRA_HOTELS__AMP__RESORTS_ELECTRA_HOTEL_ATHENSSUITE,ELECTRA_HOTELS__AMP__RESORTS_ELECTRA_HOTEL_ATHENSFAMILY_ROOM,ELECTRA_HOTELS__AMP__RESORTS_ELECTRA_HOTEL_ATHENSCLASSIC_SINGLE_ROOM,ELECTRA_HOTELS__AMP__RESORTS_ELECTRA_HOTEL_ATHENSSUPERIOR_SINGLE_ROOM
THE_LUXURY_COLLECTION_BY_STARWOOD_HOTEL_GRANDE_BRETAGNE__A_LUXURY_COLLECTION_HOTEL;THE_LUXURY_COLLECTION_BY_STARWOOD_HOTEL_GRANDE_BRETAGNE__A_LUXURY_COLLECTION_HOTELCLASSIC_ROOM,THE_LUXURY_COLLECTION_BY_STARWOOD_HOTEL_GRANDE_BRETAGNE__A_LUXURY_COLLECTION_HOTELCLASSIC_ROOM_-_BUTLER_FLOOR,THE_LUXURY_COLLECTION_BY_STARWOOD_HOTEL_GRANDE_BRETAGNE__A_LUXURY_COLLECTION_HOTELDELUXE_ROOM,THE_LUXURY_COLLECTION_BY_STARWOOD_HOTEL_GRANDE_BRETAGNE__A_LUXURY_COLLECTION_HOTELDELUXE_ROOM_-_BUTLER_FLOOR,THE_LUXURY_COLLECTION_BY_STARWOOD_HOTEL_GRANDE_BRETAGNE__A_LUXURY_COLLECTION_HOTELJUNIOR_SUITE,THE_LUXURY_COLLECTION_BY_STARWOOD_HOTEL_GRANDE_BRETAGNE__A_LUXURY_COLLECTION_HOTELDELUXE_SUITE,THE_LUXURY_COLLECTION_BY_STARWOOD_HOTEL_GRANDE_BRETAGNE__A_LUXURY_COLLECTION_HOTELGRAND_SUITE,THE_LUXURY_COLLECTION_BY_STARWOOD_HOTEL_GRANDE_BRETAGNE__A_LUXURY_COLLECTION_HOTELEXECUTIVE_SUITE
ELECTRA_HOTELS__AMP__RESORTS_ELECTRA_PALACE_ATHENS;ELECTRA_HOTELS__AMP__RESORTS_ELECTRA_PALACE_ATHENSJUNIOR_SUITE,ELECTRA_HOTELS__AMP__RESORTS_ELECTRA_PALACE_ATHENSSUITE,ELECTRA_HOTELS__AMP__RESORTS_ELECTRA_PALACE_ATHENSPRESIDENTIAL_SUITE,ELECTRA_HOTELS__AMP__RESORTS_ELECTRA_PALACE_ATHENSCLASSIC_SINGLE_ROOM
ATHENS_HOTELS_GROUP_ATHENS_CENTER_SQUARE;ATHENS_HOTELS_GROUP_ATHENS_CENTER_SQUAREECONOMY_ROOM,ATHENS_HOTELS_GROUP_ATHENS_CENTER_SQUARESUPERIOR_TWIN_ROOM,ATHENS_HOTELS_GROUP_ATHENS_CENTER_SQUAREACROPOLIS_VIEW_DOUBLE/TWIN_ROOM,ATHENS_HOTELS_GROUP_ATHENS_CENTER_SQUAREEXECUTIVE_DOUBLE_ROOM
NJV_ATHENS_PLAZA;NJV_ATHENS_PLAZASUPERIOR_ROOM,NJV_ATHENS_PLAZADELUXE_ROOM,NJV_ATHENS_PLAZAJUNIOR_SUITE_WITH_ACROPOLIS_VIEW,NJV_ATHENS_PLAZACLASSIC_SINGLE_ROOM
DIVANI_COLLECTION_DIVANI_PALACE_ACROPOLIS;DIVANI_COLLECTION_DIVANI_PALACE_ACROPOLISDELUXE_DOUBLE_ROOM,DIVANI_COLLECTION_DIVANI_PALACE_ACROPOLISEXECUTIVE_DOUBLE_ROOM,DIVANI_COLLECTION_DIVANI_PALACE_ACROPOLISJUNIOR_SUITE
ST_GEORGE_LYCABETTUS;ST_GEORGE_LYCABETTUSPANORAMIC_ACROPOLIS_VIEW__DOUBLE/TWIN_ROOM_SPECIAL_OFFER,ST_GEORGE_LYCABETTUSSTANDARD_SINGLE_ROOM
HOLIDAY_INN_ATHENS_ATTICA_AV__AIRPORT_W_;HOLIDAY_INN_ATHENS_ATTICA_AV__AIRPORT_W_STANDARD_DOUBLE_OR_TWIN_ROOM,HOLIDAY_INN_ATHENS_ATTICA_AV__AIRPORT_W_TWIN_ROOM_-_SMOKING,HOLIDAY_INN_ATHENS_ATTICA_AV__AIRPORT_W_EXECUTIVE_KING_ROOM_-_SMOKING
ATHENS_STATUS_SUITES;ATHENS_STATUS_SUITESDELUXE_SUITE_WITH_SPA_BATH
DIVANI_COLLECTION__THE_LEADING_HOTELS_OF_THE_WORLD_DIVANI_CARAVEL;DIVANI_COLLECTION__THE_LEADING_HOTELS_OF_THE_WORLD_DIVANI_CARAVELSUPERIOR_ROOM,DIVANI_COLLECTION__THE_LEADING_HOTELS_OF_THE_WORLD_DIVANI_CARAVELFAMILY_ROOM_(2_ADULTS_+_2_CHILDREN),DIVANI_COLLECTION__THE_LEADING_HOTELS_OF_THE_WORLD_DIVANI_CARAVELEXECUTIVE_ROOM,DIVANI_COLLECTION__THE_LEADING_HOTELS_OF_THE_WORLD_DIVANI_CARAVELSUPERIOR_SUITE,DIVANI_COLLECTION__THE_LEADING_HOTELS_OF_THE_WORLD_DIVANI_CARAVELDELUXE_SUITE,DIVANI_COLLECTION__THE_LEADING_HOTELS_OF_THE_WORLD_DIVANI_CARAVELEXECUTIVE_SUITE
PHILIPPOS_HOTEL;PHILIPPOS_HOTELTWIN_ROOM,PHILIPPOS_HOTELSINGLE_ROOM
BEST_WESTERN_ACROPOLIS_AMI_HOTEL;BEST_WESTERN_ACROPOLIS_AMI_HOTELDOUBLE_OR_TWIN_ROOM,BEST_WESTERN_ACROPOLIS_AMI_HOTELSINGLE_ROOM
DESIGN_HOTELS_HOTEL_FRESH;DESIGN_HOTELS_HOTEL_FRESHDOUBLE_OR_TWIN_ROOM,DESIGN_HOTELS_HOTEL_FRESHTRIPLE_ROOM,DESIGN_HOTELS_HOTEL_FRESHEXECUTIVE_DOUBLE_ROOM,DESIGN_HOTELS_HOTEL_FRESHSINGLE_ROOM
NEW_YORK_MARRIOTT_MARQUIS;NEW_YORK_MARRIOTT_MARQUISPREMIER_KING_ROOM,NEW_YORK_MARRIOTT_MARQUISSUPERIOR_KING_ROOM_WITH_CITY_VIEW,NEW_YORK_MARRIOTT_MARQUISDELUXE_ONE-BEDROOM_SUITE,NEW_YORK_MARRIOTT_MARQUISPREMIER_ONE-BEDROOM_SUITE
EXECUTIVE_HOTELS_EXECUTIVE_HOTEL_LE_SOLEIL_NEW_YORK;EXECUTIVE_HOTELS_EXECUTIVE_HOTEL_LE_SOLEIL_NEW_YORKEXECUTIVE_QUEEN_ROOM,EXECUTIVE_HOTELS_EXECUTIVE_HOTEL_LE_SOLEIL_NEW_YORKEXECUTIVE_QUEEN_ROOM_WITH_VIEW,EXECUTIVE_HOTELS_EXECUTIVE_HOTEL_LE_SOLEIL_NEW_YORKEXECUTIVE_QUEEN_SUITE,EXECUTIVE_HOTELS_EXECUTIVE_HOTEL_LE_SOLEIL_NEW_YORKEXECUTIVE_QUEEN_SUITE_WITH_VIEW
THE_QUIN;THE_QUINROOM_SELECTED_AT_CHECK_IN,THE_QUINSUPERIOR_ROOM,THE_QUINPETITE_STANDARD_KING,THE_QUINDELUXE_ROOM,THE_QUINPREMIER_ROOM,THE_QUINSPECIAL_OFFER_-_PREMIER_QUEEN_ROOM_WITH_TWO_QUEEN_BEDS,THE_QUINPREMIER_QUEEN_ROOM_WITH_TWO_QUEEN_BEDS,THE_QUINPREMIER_CORNER_ROOM,THE_QUINPREMIER_SUITE
GRAND_HYATT_GRAND_HYATT_NEW_YORK;GRAND_HYATT_GRAND_HYATT_NEW_YORKQUEEN_ROOM,GRAND_HYATT_GRAND_HYATT_NEW_YORKDELUXE_KING_ROOM,GRAND_HYATT_GRAND_HYATT_NEW_YORKKING_ROOM_WITH_VIEW,GRAND_HYATT_GRAND_HYATT_NEW_YORKJUNIOR_SUITE,GRAND_HYATT_GRAND_HYATT_NEW_YORKEXECUTIVE_SUITE
1_HOTEL_CENTRAL_PARK;1_HOTEL_CENTRAL_PARKDELUXE_KING_ROOM_WITH_CITY_VIEW,1_HOTEL_CENTRAL_PARKSUPERIOR_KING_ROOM_WITH_PARK_VIEW,1_HOTEL_CENTRAL_PARKSUPERIOR_KING_ROOM_WITH_CITY_VIEW
SUMMIT_HOTELS__AMP__RESORTS_PARK_LANE_HOTEL_ON_CENTRAL_PARK;SUMMIT_HOTELS__AMP__RESORTS_PARK_LANE_HOTEL_ON_CENTRAL_PARKEXECUTIVE_QUEEN_ROOM_WITH_CITY_VIEW,SUMMIT_HOTELS__AMP__RESORTS_PARK_LANE_HOTEL_ON_CENTRAL_PARKPREMIER_ROOM_WITH_PARTIAL_PARK_VIEW_,SUMMIT_HOTELS__AMP__RESORTS_PARK_LANE_HOTEL_ON_CENTRAL_PARKEXECUTIVE_JUNIOR_SUITE_WITH_PARK_VIEW
DREAM_DOWNTOWN;DREAM_DOWNTOWNQUEEN_ROOM,DREAM_DOWNTOWNKING_ROOM,DREAM_DOWNTOWNDELUXE_KING_ROOM,DREAM_DOWNTOWNEXECUTIVE_KING_ROOM,DREAM_DOWNTOWNGUESTHOUSE_-_2_BEDROOM
THE_LONDON_NYC;THE_LONDON_NYCLONDON_SUITE,THE_LONDON_NYCLONDON_FLAT,THE_LONDON_NYCLONDON_STOREY_SUITE,THE_LONDON_NYCLONDON_CROWN_SUITE,THE_LONDON_NYCLONDON_VISTA_SUITE,THE_LONDON_NYCLONDON_TWO-BEDROOM_SUITE,THE_LONDON_NYCLONDON_SKY_SUITE,THE_LONDON_NYCLONDON_SKY_APARTMENT,THE_LONDON_NYCLONDON_ATRIUM_SUITE
HYATT_HYATT_TIMES_SQUARE;HYATT_HYATT_TIMES_SQUAREKING_ROOM_WITH_VIEW,HYATT_HYATT_TIMES_SQUAREKING_ROOM_-_HIGH_FLOOR,HYATT_HYATT_TIMES_SQUAREDELUXE_KING_ROOM,HYATT_HYATT_TIMES_SQUAREQUEEN_ROOM_WITH_VIEW,HYATT_HYATT_TIMES_SQUAREKING_ROOM_WITH_TERRACE,HYATT_HYATT_TIMES_SQUAREEXECUTIVE_SUITE,HYATT_HYATT_TIMES_SQUAREDELUXE_SUITE,HYATT_HYATT_TIMES_SQUARESUITE,HYATT_HYATT_TIMES_SQUAREDELUXE_SUITE_WITH_VIEW
THE_ROGER;THE_ROGERDELUXE_KING_ROOM,THE_ROGERPREMIUM_KING_ROOM,THE_ROGERPREMIUM_CORNER_KING_ROOM,THE_ROGERPREMIUM_TERRACE_KING_ROOM
DESIGN_HOTELS__STANDARD_HOTELS_THE_STANDARD__HIGH_LINE_NEW_YORK;DESIGN_HOTELS__STANDARD_HOTELS_THE_STANDARD__HIGH_LINE_NEW_YORKSTANDARD_KING_ROOM,DESIGN_HOTELS__STANDARD_HOTELS_THE_STANDARD__HIGH_LINE_NEW_YORKSUPERIOR_KING_ROOM,DESIGN_HOTELS__STANDARD_HOTELS_THE_STANDARD__HIGH_LINE_NEW_YORKDELUXE_QUEEN_ROOM,DESIGN_HOTELS__STANDARD_HOTELS_THE_STANDARD__HIGH_LINE_NEW_YORKDELUXE_KING_ROOM,DESIGN_HOTELS__STANDARD_HOTELS_THE_STANDARD__HIGH_LINE_NEW_YORKLIBERTY_CORNER_KING,DESIGN_HOTELS__STANDARD_HOTELS_THE_STANDARD__HIGH_LINE_NEW_YORKEMPIRE_CORNER_KING,DESIGN_HOTELS__STANDARD_HOTELS_THE_STANDARD__HIGH_LINE_NEW_YORKSTUDIO
NOLITAN_HOTEL_SOHO___NEW_YORK;NOLITAN_HOTEL_SOHO___NEW_YORKDELUXE_QUEEN_ROOM,NOLITAN_HOTEL_SOHO___NEW_YORKSUPERIOR_QUEEN_ROOM_WITH_BALCONY,NOLITAN_HOTEL_SOHO___NEW_YORKSUPERIOR_KING_CORNER_ROOM
THE_ROXY_HOTEL_TRIBECA;THE_ROXY_HOTEL_TRIBECASTANDARD__ROOM,THE_ROXY_HOTEL_TRIBECADELUXE_KING_ROOM,THE_ROXY_HOTEL_TRIBECASTUDIO_KING_ROOM,THE_ROXY_HOTEL_TRIBECADELUXE_ONE-BEDROOM_SUITE
HOLIDAY_INN_EXPRESS___TIMES_SQUARE_SOUTH;HOLIDAY_INN_EXPRESS___TIMES_SQUARE_SOUTHKING_ROOM_-_NON-SMOKING,HOLIDAY_INN_EXPRESS___TIMES_SQUARE_SOUTHROOM_SELECTED_AT_CHECK-IN,HOLIDAY_INN_EXPRESS___TIMES_SQUARE_SOUTHKING_ROOM_WITH_VIEW_-_NON-SMOKING,
THE_KNICKERBOCKER;THE_KNICKERBOCKERDELUXE_ROOM_WITH_ONE_KING_BED,THE_KNICKERBOCKERPREMIER_ROOM_WITH_ONE_KING_BED,THE_KNICKERBOCKERJUNIOR_SUITE_WITH_ONE_KING_SIZE_BED,
NOMO_SOHO;NOMO_SOHODELUXE_ROOM,NOMO_SOHOPREMIER_ROOM,NOMO_SOHOONE_BEDROOM_SUITE_,NOMO_SOHOVIP_KING_SUITE_WITH_BALCONY
SOHO_GRAND_HOTEL;SOHO_GRAND_HOTELSOHO_KING_ROOM,SOHO_GRAND_HOTELDELUXE_KING_ROOM,SOHO_GRAND_HOTELDELUXE_CORNER_
HYATT_HYATT_PLACE_NEW_YORK;HYATT_HYATT_PLACE_NEW_YORKKING_ROOM
WALKER_HOTEL_GREENWICH_VILLAGE;WALKER_HOTEL_GREENWICH_VILLAGEQUEEN_ROOM_(THE_GROVE)_



GALAXIA_HOLIDAY_HOMES;GALAXIA_HOLIDAY_HOMESVILLA_WITH_PRIVATE_POOL
SANDALWOOD_HOTEL_RETREAT;SANDALWOOD_HOTEL_RETREATPENTHOUSE_SUITE,SANDALWOOD_HOTEL_RETREATPREMIER_DOUBLE_OR_TWIN_ROOM,SANDALWOOD_HOTEL_RETREATONE_BEDROOM_SUITE
PALMGROVE_GOA_HOLIDAY;PALMGROVE_GOA_HOLIDAYTWO_BEDROOM_APARTMENT
RATHNA_GUEST_HOMES_GOA;RATHNA_GUEST_HOMES_GOAFAMILY_ROOM,RATHNA_GUEST_HOMES_GOADELUXE_DOUBLE_ROOM
DEVASTHALI_THE_VALLEY_OF_GODS;DEVASTHALI_THE_VALLEY_OF_GODSFAMILY_SUITE_4_ADULTS_,DEVASTHALI_THE_VALLEY_OF_GODSDELUXE_DOUBLE_ROOM,DEVASTHALI_THE_VALLEY_OF_GODSEXECUTIVE_SUITE
THE_PALM_TREES_AYURVEDIC_RESORT;THE_PALM_TREES_AYURVEDIC_RESORTFAMILY_ROOM_WITH_GARDEN_VIEW,THE_PALM_TREES_AYURVEDIC_RESORTSTANDARD_DOUBLE_ROOM
VILLA_LOBO_BETALBATIM;VILLA_LOBO_BETALBATIMTWO_BEDROOM_APARTMENT
DUDHSAGAR_FARMSTAY;DUDHSAGAR_FARMSTAYDELUXE_COTTAGE,DUDHSAGAR_FARMSTAYDELUXE_DOUBLE_ROOM_WITH_GARDEN_VIEW,DUDHSAGAR_FARMSTAYDELUXE_BUNGALOW_WITH_GARDEN_VIEW
SHALOM;SHALOMPENTHOUSE_APARTMENT
NORA_VILLA_ANJUNA;NORA_VILLA_ANJUNAVILLA
CROWNE_PLAZA_HOTELS_AMP_RESORTS_CROWNE_PLAZA_HOTEL_MIAMI_INTERNATIONAL_AIRPORT;CROWNE_PLAZA_HOTELS_AMP_RESORTS_CROWNE_PLAZA_HOTEL_MIAMI_INTERNATIONAL_AIRPORTDOUBLE_ROOM_WITH_TWO_DOUBLE_BEDS_NON_SMOKING,CROWNE_PLAZA_HOTELS_AMP_RESORTS_CROWNE_PLAZA_HOTEL_MIAMI_INTERNATIONAL_AIRPORTSTANDARD_ROOM,CROWNE_PLAZA_HOTELS_AMP_RESORTS_CROWNE_PLAZA_HOTEL_MIAMI_INTERNATIONAL_AIRPORTSTANDARD_KING_ROOM,CROWNE_PLAZA_HOTELS_AMP_RESORTS_CROWNE_PLAZA_HOTEL_MIAMI_INTERNATIONAL_AIRPORTKING_ROOM_NON_SMOKING,CROWNE_PLAZA_HOTELS_AMP_RESORTS_CROWNE_PLAZA_HOTEL_MIAMI_INTERNATIONAL_AIRPORTEXECUTIVE_KING_ROOM_NON_SMOKING
THE_RITZ_CARLTON_COMPANY_L_L_C_THE_RITZ_CARLTON_KEY_BISCAYNE_MIAMI;THE_RITZ_CARLTON_COMPANY_L_L_C_THE_RITZ_CARLTON_KEY_BISCAYNE_MIAMISUPERIOR_DOUBLE_ROOM_WITH_TWO_DOUBLE_BEDS,THE_RITZ_CARLTON_COMPANY_L_L_C_THE_RITZ_CARLTON_KEY_BISCAYNE_MIAMISUPERIOR_KING_ROOM,THE_RITZ_CARLTON_COMPANY_L_L_C_THE_RITZ_CARLTON_KEY_BISCAYNE_MIAMIKING_OR_DOUBLE_ROOM_WITH_CLUB_LOUNGE_ACCESS_ISLAND_VIEW,THE_RITZ_CARLTON_COMPANY_L_L_C_THE_RITZ_CARLTON_KEY_BISCAYNE_MIAMIOCEAN_FRONT_VIEW_ONE_KING_OR_TWO_DOUBLES_CLUB_LOUNGE_ACCESS
HYATT_REGENCY_HYATT_REGENCY_MIAMI;HYATT_REGENCY_HYATT_REGENCY_MIAMISUPERIOR_DOUBLE_ROOM_WITH_TWO_DOUBLE_BEDS,HYATT_REGENCY_HYATT_REGENCY_MIAMISUPERIOR_KING_ROOM,HYATT_REGENCY_HYATT_REGENCY_MIAMIKING_OR_DOUBLE_ROOM_WITH_CLUB_LOUNGE_ACCESS_ISLAND_VIEW,HYATT_REGENCY_HYATT_REGENCY_MIAMIOCEAN_FRONT_VIEW_ONE_KING_OR_TWO_DOUBLES_CLUB_LOUNGE_ACCESS
SLS_BRICKELL;SLS_BRICKELLDELUXE_DOUBLE_ROOM,SLS_BRICKELLJUNIOR_SUITE_WITH_BALCONY,SLS_BRICKELLONE_BEDROOM_SUITE,SLS_BRICKELLPRESIDENTIAL_SUITE
MANDARIN_ORIENTAL_MANDARIN_ORIENTAL_MIAMI;MANDARIN_ORIENTAL_MANDARIN_ORIENTAL_MIAMIDELUXE_SKYLINE_VIEW_DOUBLE,MANDARIN_ORIENTAL_MANDARIN_ORIENTAL_MIAMIDELUXE_SKYLINE_VIEW_KING,MANDARIN_ORIENTAL_MANDARIN_ORIENTAL_MIAMIDELUXE_BAY_VIEW_KING,MANDARIN_ORIENTAL_MANDARIN_ORIENTAL_MIAMIDELUXE_BAY_VIEW_DOUBLE,MANDARIN_ORIENTAL_MANDARIN_ORIENTAL_MIAMIMANDARIN_EXECUTIVE_KING_ROOM
TRUMP_HOTEL_COLLECTION_TRUMP_NATIONAL_DORAL;TRUMP_HOTEL_COLLECTION_TRUMP_NATIONAL_DORALDELUXE_ROOM_WITH_TWO_QUEEN_BEDS,TRUMP_HOTEL_COLLECTION_TRUMP_NATIONAL_DORALDELUXE_ROOM_WITH_KING_BED,TRUMP_HOTEL_COLLECTION_TRUMP_NATIONAL_DORALPREMIER_ACCESSIBLE_ROOM_TWO_QUEEN_BEDS,TRUMP_HOTEL_COLLECTION_TRUMP_NATIONAL_DORALPREMIER_ROOM_WITH_KING_BED,TRUMP_HOTEL_COLLECTION_TRUMP_NATIONAL_DORALPREMIER_ACCESSIBLE_ROOM_WITH_KING_BED,TRUMP_HOTEL_COLLECTION_TRUMP_NATIONAL_DORALPREMIER_ROOM_WITH_TWO_QUEEN_BEDS,TRUMP_HOTEL_COLLECTION_TRUMP_NATIONAL_DORALPREMIER_GOLF_VIEW_ROOM_KING_BED,TRUMP_HOTEL_COLLECTION_TRUMP_NATIONAL_DORALPREMIER_GOLF_VIEW_ROOM_WITH_2_QUEEN_BEDS,TRUMP_HOTEL_COLLECTION_TRUMP_NATIONAL_DORALSPA_PREMIER_ROOM_WITH_TWO_QUEEN_BEDS,TRUMP_HOTEL_COLLECTION_TRUMP_NATIONAL_DORALDELUXE_ONE_BEDROOM_SUITE_WITH_KING_BED
SONESTA_COLLECTION_HOTELS_SONESTA_COCONUT_GROVE_MIAMI;SONESTA_COLLECTION_HOTELS_SONESTA_COCONUT_GROVE_MIAMIONE_BEDROOM_SUITE_WITH_CITY_VIEW,SONESTA_COLLECTION_HOTELS_SONESTA_COCONUT_GROVE_MIAMIDELUXE_KING_ROOM_WITH_CITY_VIEW,SONESTA_COLLECTION_HOTELS_SONESTA_COCONUT_GROVE_MIAMIDELUXE_KING_ROOM_WITH_BAY_VIEW
EAST_MIAMI;EAST_MIAMIURBAN_ROOM_WITH_TWO_DOUBLE_BEDS,EAST_MIAMIURBAN_KING_ROOM_,EAST_MIAMICORNER_KING_ROOM,EAST_MIAMIBAY_KING_ROOM_,EAST_MIAMIJR_RESIDENTIAL_SUITE,EAST_MIAMIONE_BEDROOM_RESIDENCE_SUITE,EAST_MIAMIONE_BEDROOM_SUITE_,EAST_MIAMITWO_BEDROOM_RESIDENCE_SUITE_,EAST_MIAMITHREE_BEDROOM_RESIDENCE_SUITE
HILTON_MIAMI_DOWNTOWN;HILTON_MIAMI_DOWNTOWNQUEEN_ROOM_WITH_TWO_QUEEN_BEDS,HILTON_MIAMI_DOWNTOWNKING_ROOM,HILTON_MIAMI_DOWNTOWNJUNIOR_KING_SUITE
KIMPTON_HOTELS_KIMPTON_EPIC_HOTEL;KIMPTON_HOTELS_KIMPTON_EPIC_HOTELQUADRUPLE_ROOM_WITH_WATER_VIEW,KIMPTON_HOTELS_KIMPTON_EPIC_HOTELKING_ROOM_WITH_CITY_VIEW,KIMPTON_HOTELS_KIMPTON_EPIC_HOTELKING_ROOM_WITH_WATER_VIEW,KIMPTON_HOTELS_KIMPTON_EPIC_HOTELKING_ROOM_WITH_WATER_VIEW_CLUB_LEVEL,KIMPTON_HOTELS_KIMPTON_EPIC_HOTELONE_BEDROOM_SUITE_WITH_WATER_VIEW,KIMPTON_HOTELS_KIMPTON_EPIC_HOTELQUADRUPLE_ROOM_WITH_WATER_VIEW_CLUB_LEVEL,KIMPTON_HOTELS_KIMPTON_EPIC_HOTELPREMIER_QUADRUPLE_ROOM_CLUB_LEVEL,KIMPTON_HOTELS_KIMPTON_EPIC_HOTELONE_BEDROOM_SUITE_WITH_WATER_VIEW_CLUB_LEVEL
HOTEL_MIRAMALFI;HOTEL_MIRAMALFIQUADRUPLE_ROOM_WITH_SEA_VIEW,HOTEL_MIRAMALFISUPERIOR_DOUBLE_ROOM_WITH_SEA_VIEW,HOTEL_MIRAMALFITRIPLE_ROOM_WITH_SEA_VIEW,HOTEL_MIRAMALFIJUNIOR_SUITE,HOTEL_MIRAMALFISUITE,HOTEL_MIRAMALFISINGLE_ROOM_WITH_SEA_VIEW
LLOYD_S_BAIA_HOTEL;LLOYD_S_BAIA_HOTELQUADRUPLE_ROOM_WITH_PARTIAL_SEA_VIEW,LLOYD_S_BAIA_HOTELDOUBLE_OR_TWIN_ROOM_WITH_PARTIAL_SEA_VIEW,LLOYD_S_BAIA_HOTELDOUBLE_ROOM_WITH_SEA_VIEW,LLOYD_S_BAIA_HOTELTRIPLE_ROOM_WITH_PARTIAL_SEA_VIEW,LLOYD_S_BAIA_HOTELDELUXE_DOUBLE_ROOM_WITH_PARTIAL_SEA_VIEW,LLOYD_S_BAIA_HOTELJUNIOR_SUITE_WITH_SEA_VIEW,LLOYD_S_BAIA_HOTELSUITE_WITH_SEA_VIEW,LLOYD_S_BAIA_HOTELONE_BEDROOM_APARTMENT
HOTEL_SAVOIA;HOTEL_SAVOIATRIPLE_ROOM,HOTEL_SAVOIAJUNIOR_SUITE,HOTEL_SAVOIASUITE
VILLA_ROMANA_HOTEL_SPA;VILLA_ROMANA_HOTEL_SPAFAMILY_ROOM,VILLA_ROMANA_HOTEL_SPAECONOMY_DOUBLE_ROOM,VILLA_ROMANA_HOTEL_SPACLASSIC_DOUBLE_OR_TWIN_ROOM,VILLA_ROMANA_HOTEL_SPASUPERIOR_DOUBLE_OR_TWIN_ROOM_WITH_BALCONY,VILLA_ROMANA_HOTEL_SPACOMFORT_DOUBLE_OR_TWIN_ROOM_SPA_ACCESS
HOTEL_FONTANA;HOTEL_FONTANAQUADRUPLE_ROOM,HOTEL_FONTANATRIPLE_ROOM,HOTEL_FONTANAJUNIOR_SUITE,HOTEL_FONTANASUITE
RESIDENCE_HOTEL_PANORAMIC;RESIDENCE_HOTEL_PANORAMICSTANDARD_APARTMENT,RESIDENCE_HOTEL_PANORAMICSTANDARD_STUDIO,RESIDENCE_HOTEL_PANORAMICSTUDIO_WITH_SEA_VIEW,RESIDENCE_HOTEL_PANORAMICONE_BEDROOM_APARTMENT_WITH_SEA_VIEW,RESIDENCE_HOTEL_PANORAMICSINGLE_ROOM
VILLA_COSTANZO;VILLA_COSTANZOTWO_BEDROOM_APARTMENT
HOTEL_AURORA;HOTEL_AURORAONE_BEDROOM_APARTMENT_4_ADULTS_SEPARATE_BUILDING,HOTEL_AURORATWO_BEDROOM_APARTMENT_SEPARATE_BUILDING
HOTEL_CAPORAL;HOTEL_CAPORALQUADRUPLE_ROOM,HOTEL_CAPORALDOUBLE_OR_TWIN_ROOM,HOTEL_CAPORALTRIPLE_ROOM,HOTEL_CAPORALSINGLE_ROOM
VILLA_ANNALARA;VILLA_ANNALARADELUXE_DOUBLE_ROOM,VILLA_ANNALARAJUNIOR_SUITE_WITH_SEA_VIEW
PORTRAIT_FIRENZE;PORTRAIT_FIRENZEFAMILY_SUITE,PORTRAIT_FIRENZEDELUXE_STUDIO
HOTEL_RIVOLI;HOTEL_RIVOLIFAMILY_ROOM,HOTEL_RIVOLICLASSIC_DOUBLE_ROOM_OR_TWIN_ROOM,HOTEL_RIVOLISUPERIOR_DOUBLE_ROOM,HOTEL_RIVOLICLASSIC_TRIPLE_ROOM,HOTEL_RIVOLIDOUBLE_OR_TWIN_ROOM_WITH_BALCONY,HOTEL_RIVOLIPRESTIGE_DOUBLE_ROOM,HOTEL_RIVOLICLASSIC_SINGLE_ROOM,HOTEL_RIVOLICLASSIC_DOUBLE_ROOM_1_ADULT_
HOTEL_SPADAI;HOTEL_SPADAITRIPLE_ROOM,HOTEL_SPADAIJUNIOR_SUITE,HOTEL_SPADAISUITE
STARHOTELS_HELVETIA_BRISTOL_FIRENZE_STARHOTELS_COLLEZIONE;STARHOTELS_HELVETIA_BRISTOL_FIRENZE_STARHOTELS_COLLEZIONECONNECTING_ROOMS,STARHOTELS_HELVETIA_BRISTOL_FIRENZE_STARHOTELS_COLLEZIONECLASSIC_DOUBLE_ROOM,STARHOTELS_HELVETIA_BRISTOL_FIRENZE_STARHOTELS_COLLEZIONEDELUXE_DOUBLE_ROOM,STARHOTELS_HELVETIA_BRISTOL_FIRENZE_STARHOTELS_COLLEZIONEJUNIOR_SUITE,STARHOTELS_HELVETIA_BRISTOL_FIRENZE_STARHOTELS_COLLEZIONETRIPLE_ROOM,STARHOTELS_HELVETIA_BRISTOL_FIRENZE_STARHOTELS_COLLEZIONEFAMILY_ROOM_2_ADULTS_2_CHILDREN_,STARHOTELS_HELVETIA_BRISTOL_FIRENZE_STARHOTELS_COLLEZIONESUITE,STARHOTELS_HELVETIA_BRISTOL_FIRENZE_STARHOTELS_COLLEZIONECLASSIC_SINGLE_ROOM
SUMMIT_HOTELS_AMP_RESORTS_GRAND_HOTEL_BAGLIONI;SUMMIT_HOTELS_AMP_RESORTS_GRAND_HOTEL_BAGLIONIDELUXE_FAMILY_ROOM,SUMMIT_HOTELS_AMP_RESORTS_GRAND_HOTEL_BAGLIONICLASSIC_DOUBLE_ROOM,SUMMIT_HOTELS_AMP_RESORTS_GRAND_HOTEL_BAGLIONIDELUXE_DOUBLE_ROOM,SUMMIT_HOTELS_AMP_RESORTS_GRAND_HOTEL_BAGLIONICLASSIC_TRIPLE_ROOM
HOTEL_BALESTRI;HOTEL_BALESTRIFAMILY_ROOM,HOTEL_BALESTRISUPERIOR_DOUBLE_OR_TWIN_ROOM,HOTEL_BALESTRIDELUXE_DOUBLE_OR_TWIN_ROOM_WITH_RIVER_VIEW,HOTEL_BALESTRIDELUXE_DOUBLE_OR_TWIN_ROOM_WITH_BALCONY_AND_RIVER_VIEW_
CLASSIC_HOTEL;CLASSIC_HOTELQUADRUPLE_ROOM,CLASSIC_HOTELTRIPLE_ROOM
HOTEL_MONTEBELLO_SPLENDID;HOTEL_MONTEBELLO_SPLENDIDFAMILY_JUNIOR_SUITE,HOTEL_MONTEBELLO_SPLENDIDCLASSIC_DOUBLE_OR_TWIN_ROOM,HOTEL_MONTEBELLO_SPLENDIDDELUXE_DOUBLE_ROOM,HOTEL_MONTEBELLO_SPLENDIDJUNIOR_SUITE,HOTEL_MONTEBELLO_SPLENDIDSUITE,HOTEL_MONTEBELLO_SPLENDIDCLASSIC_SINGLE_ROOM
RODO_HOTEL_FASHION_DELIGHT;RODO_HOTEL_FASHION_DELIGHTSUITE,RODO_HOTEL_FASHION_DELIGHTDOUBLE_ROOM,RODO_HOTEL_FASHION_DELIGHTDELUXE_DOUBLE_OR_TWIN_ROOM
VILLA_CORA;VILLA_CORATWO_CONNECTING_DOUBLE_ROOMS,VILLA_CORACLASSIC_DOUBLE_ROOM,VILLA_CORASUPERIOR_QUEEN_ROOM,VILLA_CORADELUXE_DOUBLE_ROOM,VILLA_CORAJUNIOR_SUITE,VILLA_CORASUITE
YING_DONMUANG_AIRPORT_GUESTHOUSE;YING_DONMUANG_AIRPORT_GUESTHOUSEFAMILY_ROOM_4_ADULTS_
IPREMIUM_SUKHUMVIT81;IPREMIUM_SUKHUMVIT81TWO_BEDROOM_APARTMENT,IPREMIUM_SUKHUMVIT81STUDIO
EMPORIUM_SUITES_BY_CHATRIUM;EMPORIUM_SUITES_BY_CHATRIUMTRIPLE_ROOM,EMPORIUM_SUITES_BY_CHATRIUMJUNIOR_SUITE,EMPORIUM_SUITES_BY_CHATRIUMSUITE
PARADISE_SUKHUMVIT;PARADISE_SUKHUMVITFAMILY_TWO_BEDROOM_SUITE,PARADISE_SUKHUMVITSUPERIOR_TWIN_ROOM,PARADISE_SUKHUMVITDELUXE_DOUBLE_ROOM,PARADISE_SUKHUMVITJUNIOR_SUITE,PARADISE_SUKHUMVITGRAND_THREE_BEDROOM_SUITE
CHATEAU_DE_SUKHUMVIT;CHATEAU_DE_SUKHUMVITEXECUTIVE_FAMILY_ROOM,CHATEAU_DE_SUKHUMVITSUPERIOR_ROOM,CHATEAU_DE_SUKHUMVITDELUXE_TRIPLE_ROOM,CHATEAU_DE_SUKHUMVITSINGLE_ROOM
GARDENGROVE_SUITES;GARDENGROVE_SUITESTWO_BEDROOM_SUITE,GARDENGROVE_SUITESONE_BEDROOM_SUITE,GARDENGROVE_SUITESTHREE_BEDROOM_SUITE
THE_RICHE_BOUTIQUE;THE_RICHE_BOUTIQUEEXCLUSIVE_SUITE,THE_RICHE_BOUTIQUESUPERIOR_STUDIO,THE_RICHE_BOUTIQUECLASSIC_SUITE
PAK_D_RESORT;PAK_D_RESORTFAMILY_SUITE,PAK_D_RESORTSUPERIOR_QUEEN_ROOM,PAK_D_RESORTSUPERIOR_DOUBLE_ROOM,PAK_D_RESORTDELUXE_DOUBLE_ROOM
CNC_HERITAGE;CNC_HERITAGETWO_BEDROOM_SUITE
LAIDBACK_PLACE;LAIDBACK_PLACETWO_BEDROOM_APARTMENT_WITH_TERRACE,LAIDBACK_PLACEONE_BEDROOM_APARTMENT
THE_MAPLE_SUITE;THE_MAPLE_SUITESUPERIOR_TWO_BEDROOM_APARTMENT_1,THE_MAPLE_SUITEDELUXE_ONE_BEDROOM_APARTMENT,THE_MAPLE_SUITEDELUXE_TWO_BEDROOM_APARTMENT
MILLENNIUM_HOTELS_GRAND_MILLENNIUM_HOTELS_GRAND_MILLENNIUM_KUALA_LUMPUR;MILLENNIUM_HOTELS_GRAND_MILLENNIUM_HOTELS_GRAND_MILLENNIUM_KUALA_LUMPURPRESIDENTIAL_SUITE,MILLENNIUM_HOTELS_GRAND_MILLENNIUM_HOTELS_GRAND_MILLENNIUM_KUALA_LUMPURGRAND_DELUXE_ROOM,MILLENNIUM_HOTELS_GRAND_MILLENNIUM_HOTELS_GRAND_MILLENNIUM_KUALA_LUMPURCLUB_DOUBLE_ROOM,MILLENNIUM_HOTELS_GRAND_MILLENNIUM_HOTELS_GRAND_MILLENNIUM_KUALA_LUMPURCLUB_PLUS_DOUBLE_ROOM,MILLENNIUM_HOTELS_GRAND_MILLENNIUM_HOTELS_GRAND_MILLENNIUM_KUALA_LUMPUREXECUTIVE_SUITE
PARKROYAL_HOTELS_AMP_RESORTS_PARKROYAL_KUALA_LUMPUR;PARKROYAL_HOTELS_AMP_RESORTS_PARKROYAL_KUALA_LUMPURTRIPLE_ROOM,PARKROYAL_HOTELS_AMP_RESORTS_PARKROYAL_KUALA_LUMPURJUNIOR_SUITE,PARKROYAL_HOTELS_AMP_RESORTS_PARKROYAL_KUALA_LUMPURSUITE
AMBASSADOR_ROW_HOTEL_SUITES_BY_LANSON_PLACE;AMBASSADOR_ROW_HOTEL_SUITES_BY_LANSON_PLACETWO_BEDROOM_PREMIER_SUITE,AMBASSADOR_ROW_HOTEL_SUITES_BY_LANSON_PLACEONE_BEDROOM_SUPERIOR_SUITE,AMBASSADOR_ROW_HOTEL_SUITES_BY_LANSON_PLACEDUTA_ONE_BEDROOM_SUPERIOR_SUITE_,AMBASSADOR_ROW_HOTEL_SUITES_BY_LANSON_PLACETWO_BEDROOM_DELUXE_SUITE,AMBASSADOR_ROW_HOTEL_SUITES_BY_LANSON_PLACEDUTA_TWO_BEDROOM_DELUXE_SUITE_
SOMERSET_SOMERSET_AMPANG_KUALA_LUMPUR;SOMERSET_SOMERSET_AMPANG_KUALA_LUMPURPREMIER_TWO_BEDROOM_APARTMENT,SOMERSET_SOMERSET_AMPANG_KUALA_LUMPURDELUXE_ONE_BEDROOM_APARTMENT,SOMERSET_SOMERSET_AMPANG_KUALA_LUMPUREXECUTIVE_ONE_BEDROOM_APARTMENT,SOMERSET_SOMERSET_AMPANG_KUALA_LUMPURPREMIER_ONE_BEDROOM_APARTMENT,SOMERSET_SOMERSET_AMPANG_KUALA_LUMPURPREMIER_THREE_BEDROOM_APARTMENT
ASCOTT_THE_RESIDENCE_ASCOTT_KUALA_LUMPUR;ASCOTT_THE_RESIDENCE_ASCOTT_KUALA_LUMPURDELUXE_TWO_BEDROOM_APARTMENT,ASCOTT_THE_RESIDENCE_ASCOTT_KUALA_LUMPURPREMIER_STUDIO,ASCOTT_THE_RESIDENCE_ASCOTT_KUALA_LUMPURDELUXE_ONE_BEDROOM_APARTMENT,ASCOTT_THE_RESIDENCE_ASCOTT_KUALA_LUMPUREXECUTIVE_ONE_BEDROOM_APARTMENT,ASCOTT_THE_RESIDENCE_ASCOTT_KUALA_LUMPUREXECUTIVE_TWO_BEDROOM_APARTMENT,ASCOTT_THE_RESIDENCE_ASCOTT_KUALA_LUMPURPREMIER_TWO_BEDROOM_APARTMENT,ASCOTT_THE_RESIDENCE_ASCOTT_KUALA_LUMPURDELUXE_THREE_BEDROOM_APARTMENT,ASCOTT_THE_RESIDENCE_ASCOTT_KUALA_LUMPURPREMIER_THREE_BEDROOM_APARTMENT
COMPASS_HOSPITALITY_CITIN_SEACARE_PUDU_BY_COMPASS_HOSPITALITY;COMPASS_HOSPITALITY_CITIN_SEACARE_PUDU_BY_COMPASS_HOSPITALITYFAMILY_CONNECTED_ROOM,COMPASS_HOSPITALITY_CITIN_SEACARE_PUDU_BY_COMPASS_HOSPITALITYSUPERIOR_DOUBLE_OR_TWIN_ROOM_REFURBISHED_,COMPASS_HOSPITALITY_CITIN_SEACARE_PUDU_BY_COMPASS_HOSPITALITYDELUXE_DOUBLE_ROOM_REFURBISHED_,COMPASS_HOSPITALITY_CITIN_SEACARE_PUDU_BY_COMPASS_HOSPITALITYPREMIER_DOUBLE_ROOM_REFURBISHED_
CAPRI_BY_FRASER_CAPRI_BY_FRASER_KUALA_LUMPUR_MALAYSIA;CAPRI_BY_FRASER_CAPRI_BY_FRASER_KUALA_LUMPUR_MALAYSIATHREE_BEDROOM_DELUXE,CAPRI_BY_FRASER_CAPRI_BY_FRASER_KUALA_LUMPUR_MALAYSIASTUDIO_DELUXE,CAPRI_BY_FRASER_CAPRI_BY_FRASER_KUALA_LUMPUR_MALAYSIADELUXE_ONE_BEDROOM_APARTMENT,CAPRI_BY_FRASER_CAPRI_BY_FRASER_KUALA_LUMPUR_MALAYSIACAPRI_CLUB
FAR_EAST_HOSPITALITY_SRI_TIARA_RESIDENCES;FAR_EAST_HOSPITALITY_SRI_TIARA_RESIDENCESTWO_BEDROOM_SUITE,FAR_EAST_HOSPITALITY_SRI_TIARA_RESIDENCESTHREE_BEDROOM_SUITE
WEDGEWOOD_RESIDENCES;WEDGEWOOD_RESIDENCESTWO_BEDROOM_SUITE,WEDGEWOOD_RESIDENCESONE_BEDROOM_SUITE,WEDGEWOOD_RESIDENCESTHREE_BEDROOM_SUITE
WENCESLAS_SQUARE_TERRACES;WENCESLAS_SQUARE_TERRACESONE_BEDROOM_APARTMENT_4_ADULTS_,WENCESLAS_SQUARE_TERRACESSTUDIO_2_ADULTS_,WENCESLAS_SQUARE_TERRACESONE_BEDROOM_APARTMENT_2_ADULTS_,WENCESLAS_SQUARE_TERRACESAPARTMENT_WITH_TERRACE_2_ADULTS_,WENCESLAS_SQUARE_TERRACESEXECUTIVE_ONE_BEDROOM_APARTMENT,WENCESLAS_SQUARE_TERRACESEXECUTIVE_TWO_BEDROOM_APARTMENT
HILTON_PRAGUE_HOTEL;HILTON_PRAGUE_HOTELFAMILY_GUEST_ROOM,HILTON_PRAGUE_HOTELTWIN_GUEST_ROOM,HILTON_PRAGUE_HOTELKING_GUEST_ROOM,HILTON_PRAGUE_HOTELTWO_QUEEN_BED_SPACIOUS_ROOM,HILTON_PRAGUE_HOTELTWIN_EXECUTIVE_ROOM,HILTON_PRAGUE_HOTELKING_EXECUTIVE_ROOM,HILTON_PRAGUE_HOTELTWO_QUEEN_BED_EXECUTIVE_ROOM,HILTON_PRAGUE_HOTELKING_JUNIOR_SUITE,HILTON_PRAGUE_HOTELKING_EXECUTIVE_SUITE,HILTON_PRAGUE_HOTELSINGLE_GUEST_ROOM
OLD_TOWN_SQUARE_APARTMENTS;OLD_TOWN_SQUARE_APARTMENTSTRIPLE_ROOM,OLD_TOWN_SQUARE_APARTMENTSJUNIOR_SUITE,OLD_TOWN_SQUARE_APARTMENTSSUITE
HOTEL_U_MARTINA_PRAHA;HOTEL_U_MARTINA_PRAHAQUADRUPLE_ROOM,HOTEL_U_MARTINA_PRAHADOUBLE_ROOM,HOTEL_U_MARTINA_PRAHADOUBLE_ROOM_WITH_EXTRA_BED,HOTEL_U_MARTINA_PRAHATRIPLE_ROOM
RESIDENCE_LEON_D_ORO;RESIDENCE_LEON_D_OROQUADRUPLE_ROOM,RESIDENCE_LEON_D_ORODOUBLE_OR_TWIN_ROOM,RESIDENCE_LEON_D_OROSTANDARD_FAMILY_ROOM,RESIDENCE_LEON_D_OROSUITE_WITH_TERRACE
SMETANA_HOTEL;SMETANA_HOTELLUTETIA_SUITE,SMETANA_HOTELDELUXE_ROOM,SMETANA_HOTELRIVER_VIEW_DOUBLE_ROOM,SMETANA_HOTELPALACE_GARDEN_SUITE,SMETANA_HOTELRIVER_VIEW_SUITE,SMETANA_HOTELCASTLE_VIEW_SUITE,SMETANA_HOTELCHARLES_BRIDGE_SUITE
HOTEL_PENZION_PRAGA;HOTEL_PENZION_PRAGASUITE,HOTEL_PENZION_PRAGADOUBLE_OR_TWIN_ROOM
PACHTUV_PALACE;PACHTUV_PALACETWO_BEDROOM_SUITE,PACHTUV_PALACEPALACE_GARDEN_SUITE,PACHTUV_PALACEBAROQUE_SUITE,PACHTUV_PALACECASANOVA_SUITE,PACHTUV_PALACEMOZART_SUITE
PVH_CHARMING_FLATS_ODBOR_;PVH_CHARMING_FLATS_ODBOR_TWO_BEDROOM_APARTMENT,PVH_CHARMING_FLATS_ODBOR_ONE_BEDROOM_APARTMENT,PVH_CHARMING_FLATS_ODBOR_DELUXE_DOUBLE_ROOM_WITH_TERRACE
THE_LEADING_HOTELS_OF_THE_WORLD_THE_GRAND_MARK_PRAGUE;THE_LEADING_HOTELS_OF_THE_WORLD_THE_GRAND_MARK_PRAGUEFAMILY_SUITE,THE_LEADING_HOTELS_OF_THE_WORLD_THE_GRAND_MARK_PRAGUESUPERIOR_DOUBLE_OR_TWIN_ROOM,THE_LEADING_HOTELS_OF_THE_WORLD_THE_GRAND_MARK_PRAGUEGRAND_DELUXE_DOUBLE_OR_TWIN_SUITE,THE_LEADING_HOTELS_OF_THE_WORLD_THE_GRAND_MARK_PRAGUEEXECUTIVE_SUITE
HOTEL_GRIMSBORGIR_LUXURY_ROOMS_AND_APARTMENTS;HOTEL_GRIMSBORGIR_LUXURY_ROOMS_AND_APARTMENTSTWO_BEDROOM_APARTMENT_WITH_PRIVATE_HOT_TUB,HOTEL_GRIMSBORGIR_LUXURY_ROOMS_AND_APARTMENTSSUPERIOR_DOUBLE_OR_TWIN_ROOM_WITH_EXTRA_BED,HOTEL_GRIMSBORGIR_LUXURY_ROOMS_AND_APARTMENTSFOUR_BEDROOM_APARTMENT
HOTEL_KEILIR_BY_KEFLAVIK_AIRPORT;HOTEL_KEILIR_BY_KEFLAVIK_AIRPORTQUADRUPLE_ROOM,HOTEL_KEILIR_BY_KEFLAVIK_AIRPORTDOUBLE_OR_TWIN_ROOM,HOTEL_KEILIR_BY_KEFLAVIK_AIRPORTDELUXE_DOUBLE_ROOM_WITH_BALCONY
KEAHOTELS_STORM_HOTEL_BY_KEAHOTELS;KEAHOTELS_STORM_HOTEL_BY_KEAHOTELSTRIPLE_ROOM,KEAHOTELS_STORM_HOTEL_BY_KEAHOTELSJUNIOR_SUITE,KEAHOTELS_STORM_HOTEL_BY_KEAHOTELSSUITE
GOLDEN_CIRCLE_APARTMENTS;GOLDEN_CIRCLE_APARTMENTSSUPERIOR_STUDIO_APARTMENT,GOLDEN_CIRCLE_APARTMENTSSTUDIO_APARTMENT,GOLDEN_CIRCLE_APARTMENTSTHREE_BEDROOM_APARTMENT
FOSSHOTEL_FOSSHOTEL_HUSAVIK;FOSSHOTEL_FOSSHOTEL_HUSAVIKSTANDARD_FAMILY_ROOM_ADJOINING_ROOM_,FOSSHOTEL_FOSSHOTEL_HUSAVIKTWIN_ROOM,FOSSHOTEL_FOSSHOTEL_HUSAVIKDELUXE_DOUBLE_OR_TWIN_ROOM,FOSSHOTEL_FOSSHOTEL_HUSAVIKDELUXE_FAMILY_ROOM_ADJOINING_ROOM_,FOSSHOTEL_FOSSHOTEL_HUSAVIKSINGLE_ROOM
FOSSTUN_APARTMENTS_HOTEL;FOSSTUN_APARTMENTS_HOTELFAMILY_STUDIO_APARTMENT,FOSSTUN_APARTMENTS_HOTELSTUDIO_APARTMENT,FOSSTUN_APARTMENTS_HOTELSUPERIOR_STUDIO
PARK_INN_BY_RADISSON_PARK_INN_BY_RADISSON_REYKJAVIK_KEFLAV_K_AIRPORT;PARK_INN_BY_RADISSON_PARK_INN_BY_RADISSON_REYKJAVIK_KEFLAV_K_AIRPORTSUPERIOR_DOUBLE_ROOM
ICELANDAIR_HOTELS_ICELANDAIR_HOTEL_AKUREYRI;ICELANDAIR_HOTELS_ICELANDAIR_HOTEL_AKUREYRISTANDARD_DOUBLE_OR_TWIN_ROOM
HOTEL_ISAFJ_RDUR;HOTEL_ISAFJ_RDURDOUBLE_OR_TWIN_ROOM
SIGLO_HOTEL;SIGLO_HOTELDOUBLE_OR_TWIN_ROOM_WITH_HARBOUR_VIEW,SIGLO_HOTELDELUXE_DOUBLE_OR_TWIN_ROOM_WITH_OCEAN_VIEW,SIGLO_HOTELDELUXE_SUITE_WITH_SEA_VIEW
GOODSTAY_ELF_SPA_RESORT;GOODSTAY_ELF_SPA_RESORTSUITE,GOODSTAY_ELF_SPA_RESORTSTANDARD_STUDIO,GOODSTAY_ELF_SPA_RESORTFAMILY_ROOM,GOODSTAY_ELF_SPA_RESORTSTUDIO_2_ADULTS_1_CHILD_,GOODSTAY_ELF_SPA_RESORTHEALING_STUDIO,GOODSTAY_ELF_SPA_RESORTFAMILY_ROOM_2_ADULTS_2_CHILDREN_,GOODSTAY_ELF_SPA_RESORTPREMIER_SUITE_ROOM,GOODSTAY_ELF_SPA_RESORTHEALING_DELUXE_FAMILY,GOODSTAY_ELF_SPA_RESORTSUITE_4_ADULTS_2_CHILDREN_,GOODSTAY_ELF_SPA_RESORTPREMIERE_SUITE_ROOM_5_ADULTS_3_CHILDREN_
RIVER_TERRACE_PENSION;RIVER_TERRACE_PENSIONONE_BEDROOM_HOUSE,RIVER_TERRACE_PENSIONONE_BEDROOM_HOUSE
YONGPYONG_RESORT_DRAGON_VALLEY_HOTEL;YONGPYONG_RESORT_DRAGON_VALLEY_HOTELTRIPLE_ROOM,YONGPYONG_RESORT_DRAGON_VALLEY_HOTELJUNIOR_SUITE,YONGPYONG_RESORT_DRAGON_VALLEY_HOTELSUITE
WHITE_CABIN;WHITE_CABINKOREAN_STYLE_QUADRUPLE_ROOM,WHITE_CABINSTANDARD_DOUBLE_ROOM,WHITE_CABINFAMILY_ROOM_6_ADULTS_,WHITE_CABINDUPLEX_FAMILY_ROOM,WHITE_CABINLARGE_FAMILY_ROOM_8_ADULTS_
MAYFAIR_PENSION;MAYFAIR_PENSIONDUPLEX_FAMILY_ROOM,MAYFAIR_PENSIONDOUBLE_ROOM
ECOPIA_PENSION;ECOPIA_PENSIONFAMILY_STUDIO,ECOPIA_PENSIONQUEEN_STUDIO,ECOPIA_PENSIONDOUBLE_ROOM_WITH_PARK_VIEW,ECOPIA_PENSIONONE_BEDROOM_HOUSE,ECOPIA_PENSIONHOLIDAY_HOME,ECOPIA_PENSIONTWO_BEDROOM_TOWNHOUSE
PENSION_IN_MY_ARMS;PENSION_IN_MY_ARMSQUADRUPLE_ROOM_WITH_GARDEN_VIEW,PENSION_IN_MY_ARMSDOUBLE_ROOM_WITH_GARDEN_VIEW
BONGPYEONG_PROVENCE_PENSION;BONGPYEONG_PROVENCE_PENSIONONE_BEDROOM_HOUSE,BONGPYEONG_PROVENCE_PENSIONDOUBLE_ROOM_WITH_PARK_VIEW,BONGPYEONG_PROVENCE_PENSIONHOLIDAY_HOME,BONGPYEONG_PROVENCE_PENSIONTWO_BEDROOM_HOUSE
CHALET_RESORT;CHALET_RESORTFAMILY_SUITE,CHALET_RESORTSTANDARD_DOUBLE_ROOM,CHALET_RESORTDUPLEX_DOUBLE_ROOM,CHALET_RESORTDELUXE_FAMILY_SUITE
LIUN_CABIN;LIUN_CABINKOREAN_STYLE_DUPLEX_STUDIO,LIUN_CABINKOREAN_STYLE_ONE_BEDROOM_HOUSE_6_ADULTS_,LIUN_CABINKOREAN_STYLE_ONE_BEDROOM_HOUSE_6_ADULTS_,LIUN_CABINKOREAN_STYLE_TWO_BEDROOM_HOUSE_6_ADULTS_
AMARI_HOTELS_AMP_RESORTS_AMARI_PHUKET;AMARI_HOTELS_AMP_RESORTS_AMARI_PHUKETTWO_BEDROOM_SUITE_WITH_OCEAN_FACING_VIEW,AMARI_HOTELS_AMP_RESORTS_AMARI_PHUKETSUPERIOR_DOUBLE_ROOM_WITH_OCEAN_FACING_VIEW,AMARI_HOTELS_AMP_RESORTS_AMARI_PHUKETONE_BEDROOM_SUITE,AMARI_HOTELS_AMP_RESORTS_AMARI_PHUKETONE_BEDROOM_SUITE_WITH_OCEAN_FACING_VIEW,AMARI_HOTELS_AMP_RESORTS_AMARI_PHUKETONE_BEDROOM_SUITE_WITH_OCEAN_VIEW
PHUKET_GRACELAND_RESORT_AND_SPA;PHUKET_GRACELAND_RESORT_AND_SPADELUXE_DOUBLE_OR_TWIN_ROOM,PHUKET_GRACELAND_RESORT_AND_SPADELUXE_DOUBLE_ROOM_WITH_POOL_VIEW,PHUKET_GRACELAND_RESORT_AND_SPADELUXE_DOUBLE_ROOM_WITH_POOL_VIEW_NEW_,PHUKET_GRACELAND_RESORT_AND_SPADELUXE_DOUBLE_ROOM_WITH_POOL_VIEW_SUNSET_WING,PHUKET_GRACELAND_RESORT_AND_SPAGRAND_DELUXE_TWIN_ROOM_SUNSET_WING,PHUKET_GRACELAND_RESORT_AND_SPAFAMILY_ROOM
THE_LANTERN_RESORTS_PATONG;THE_LANTERN_RESORTS_PATONGQUADRUPLE_ROOM_4_PERSONS_,THE_LANTERN_RESORTS_PATONGSTUDIO,THE_LANTERN_RESORTS_PATONGVIEW_PENT_DOUBLE_OR_TWIN_ROOM,THE_LANTERN_RESORTS_PATONGVIEW_PENT_DOUBLE_OR_TWIN_ROOM_WITH_BALCONY,THE_LANTERN_RESORTS_PATONGVIEW_PENT_WITH_EXTRA_BED,THE_LANTERN_RESORTS_PATONGLUXURY_ONE_BEDROOM_APARTMENT,THE_LANTERN_RESORTS_PATONGLUXURY_TWO_BEDROOM_APARTMENT
THE_CHARM_RESORT_PHUKET;THE_CHARM_RESORT_PHUKETTRIPLE_ROOM,THE_CHARM_RESORT_PHUKETJUNIOR_SUITE,THE_CHARM_RESORT_PHUKETSUITE
WYNDHAM_HOTELS_AMP_RESORTS_WYNDHAM_SEA_PEARL_RESORT_PHUKET;WYNDHAM_HOTELS_AMP_RESORTS_WYNDHAM_SEA_PEARL_RESORT_PHUKETTWO_BEDROOM_DELUXE_SUITE,WYNDHAM_HOTELS_AMP_RESORTS_WYNDHAM_SEA_PEARL_RESORT_PHUKETDELUXE_JACUZZI_ROOM,WYNDHAM_HOTELS_AMP_RESORTS_WYNDHAM_SEA_PEARL_RESORT_PHUKETONE_BEDROOM_DELUXE_SUITE,WYNDHAM_HOTELS_AMP_RESORTS_WYNDHAM_SEA_PEARL_RESORT_PHUKETCARISSA_ONE_BEDROOM_VILLA,WYNDHAM_HOTELS_AMP_RESORTS_WYNDHAM_SEA_PEARL_RESORT_PHUKETDELUXE_SUITE_WITH_PRIVATE_POOL
HORIZON_PATONG_BEACH_RESORT_AND_SPA;HORIZON_PATONG_BEACH_RESORT_AND_SPAFAMILY_ROOM,HORIZON_PATONG_BEACH_RESORT_AND_SPASUPERIOR_DOUBLE_OR_TWIN_ROOM,HORIZON_PATONG_BEACH_RESORT_AND_SPADELUXE_DOUBLE_OR_TWIN_ROOM
BYD_LOFTS_BOUTIQUE_HOTEL_SERVICED_APARTMENTS;BYD_LOFTS_BOUTIQUE_HOTEL_SERVICED_APARTMENTSGRAND_DELUXE_TWO_BEDROOM_APARTMENT_,BYD_LOFTS_BOUTIQUE_HOTEL_SERVICED_APARTMENTSDELUXE_ONE_BEDROOM_APARTMENT,BYD_LOFTS_BOUTIQUE_HOTEL_SERVICED_APARTMENTSGRAND_DELUXE_ONE_BEDROOM_APARTMENT,BYD_LOFTS_BOUTIQUE_HOTEL_SERVICED_APARTMENTSGRAND_DELUXE_ONE_BEDROOM_APARTMENT_DIRECT_POOL_ACCESS
SAI_ROUGN_RESIDENCE;SAI_ROUGN_RESIDENCETWO_BEDROOM_SUITE_4_ADULTS_2_CHILDREN_,SAI_ROUGN_RESIDENCESTANDARD_DOUBLE_ROOM
ROYAL_PRINCE_RESIDENCE;ROYAL_PRINCE_RESIDENCELARGE_DUPLEX_ROOM,ROYAL_PRINCE_RESIDENCESUPERIOR_DOUBLE_ROOM,ROYAL_PRINCE_RESIDENCEFOUR_BEDROOM_HOUSE,ROYAL_PRINCE_RESIDENCEFIVE_BEDROOM_HOUSE
PALMYRA_PATONG_RESORT_PHUKET;PALMYRA_PATONG_RESORT_PHUKETTWO_BEDROOM_VILLA,PALMYRA_PATONG_RESORT_PHUKETDELUXE_DOUBLE_OR_TWIN_ROOM_WITH_POOL_VIEW,PALMYRA_PATONG_RESORT_PHUKETGRAND_DELUXE_DOUBLE_ROOM_WITH_POOL_VIEW,PALMYRA_PATONG_RESORT_PHUKETDELUXE_DOUBLE_ROOM_WITH_POOL_ACCESS
